pzc_Pd_V,0.6300000000000001,0.6550000000000001,0.6800000000000002,0.7050000000000001,0.7300000000000001,0.7550000000000001,0.78,0.805,0.8300000000000001,0.8550000000000001,0.8800000000000001,0.905,0.93,0.9550000000000001,0.98,1.005,1.03,1.0550000000000002,1.08,1.105,1.13,1.155,1.18,1.205,1.23
0.48000000000000004,0.4670000000000001,0.4670000000000001,0.4670000000000001,0.4670000000000001,0.4670000000000001,0.4670000000000001,0.4670000000000001,0.4670000000000001,0.4670000000000001,0.4670000000000001,0.4670000000000001,0.4670000000000001,0.4670000000000001,0.4670000000000001,0.4670000000000001,0.4670000000000001,0.4670000000000001,0.4670000000000001,0.4670000000000001,0.4670000000000001,0.4670000000000001,0.4670000000000001,0.4670000000000001,0.4670000000000001,0.4670000000000001
0.505,0.4670000000000001,0.4670000000000001,0.4670000000000001,0.4670000000000001,0.4670000000000001,0.4670000000000001,0.4670000000000001,0.4670000000000001,0.4670000000000001,0.4670000000000001,0.4670000000000001,0.4670000000000001,0.4670000000000001,0.4670000000000001,0.4670000000000001,0.4670000000000001,0.4670000000000001,0.4670000000000001,0.4670000000000001,0.4670000000000001,0.4670000000000001,0.4670000000000001,0.4670000000000001,0.4670000000000001,0.4670000000000001
0.53,0.4670000000000001,0.4670000000000001,0.4670000000000001,0.4670000000000001,0.4670000000000001,0.4670000000000001,0.4670000000000001,0.4670000000000001,0.4670000000000001,0.4670000000000001,0.4670000000000001,0.4670000000000001,0.4670000000000001,0.4670000000000001,0.4670000000000001,0.4670000000000001,0.4670000000000001,0.4670000000000001,0.4670000000000001,0.4670000000000001,0.4670000000000001,0.4670000000000001,0.4670000000000001,0.4670000000000001,0.4670000000000001
0.555,0.4670000000000001,0.4670000000000001,0.4670000000000001,0.4670000000000001,0.4670000000000001,0.4670000000000001,0.4670000000000001,0.4670000000000001,0.4670000000000001,0.4670000000000001,0.4670000000000001,0.4670000000000001,0.4670000000000001,0.4670000000000001,0.4670000000000001,0.4670000000000001,0.4670000000000001,0.4670000000000001,0.4670000000000001,0.4670000000000001,0.4670000000000001,0.4670000000000001,0.4670000000000001,0.4670000000000001,0.4670000000000001
0.5800000000000001,0.4670000000000001,0.4670000000000001,0.4670000000000001,0.4670000000000001,0.4670000000000001,0.4670000000000001,0.4670000000000001,0.4670000000000001,0.4670000000000001,0.4670000000000001,0.4670000000000001,0.4670000000000001,0.4670000000000001,0.4670000000000001,0.4670000000000001,0.4670000000000001,0.4670000000000001,0.4670000000000001,0.4670000000000001,0.4670000000000001,0.4670000000000001,0.4670000000000001,0.4670000000000001,0.4670000000000001,0.4670000000000001
0.6050000000000001,0.4670000000000001,0.4670000000000001,0.4670000000000001,0.4670000000000001,0.4670000000000001,0.4670000000000001,0.4670000000000001,0.4670000000000001,0.4670000000000001,0.4670000000000001,0.4670000000000001,0.4670000000000001,0.4670000000000001,0.4670000000000001,0.4670000000000001,0.4670000000000001,0.4670000000000001,0.4670000000000001,0.4670000000000001,0.4670000000000001,0.4670000000000001,0.4670000000000001,0.4670000000000001,0.4670000000000001,0.4670000000000001
0.6300000000000001,0.4670000000000001,0.4670000000000001,0.4670000000000001,0.4670000000000001,0.4670000000000001,0.4670000000000001,0.4670000000000001,0.4670000000000001,0.4670000000000001,0.4670000000000001,0.4670000000000001,0.4670000000000001,0.4670000000000001,0.4670000000000001,0.4670000000000001,0.4670000000000001,0.4670000000000001,0.4670000000000001,0.4670000000000001,0.4670000000000001,0.4670000000000001,0.4670000000000001,0.4670000000000001,0.4670000000000001,0.4670000000000001
0.655,0.4670000000000001,0.4670000000000001,0.4670000000000001,0.4670000000000001,0.4670000000000001,0.4670000000000001,0.4670000000000001,0.4670000000000001,0.4670000000000001,0.4670000000000001,0.4670000000000001,0.4670000000000001,0.4670000000000001,0.4670000000000001,0.4670000000000001,0.4670000000000001,0.4670000000000001,0.4670000000000001,0.4670000000000001,0.4670000000000001,0.4670000000000001,0.4670000000000001,0.4670000000000001,0.4670000000000001,0.4670000000000001
0.68,0.4670000000000001,0.4670000000000001,0.4670000000000001,0.4670000000000001,0.4670000000000001,0.4670000000000001,0.4670000000000001,0.4670000000000001,0.4670000000000001,0.4670000000000001,0.4670000000000001,0.4670000000000001,0.4670000000000001,0.4670000000000001,0.4670000000000001,0.4670000000000001,0.4670000000000001,0.4670000000000001,0.4670000000000001,0.4670000000000001,0.4670000000000001,0.4670000000000001,0.4670000000000001,0.4670000000000001,0.4670000000000001
0.7050000000000001,0.4670000000000001,0.4670000000000001,0.4670000000000001,0.4670000000000001,0.4670000000000001,0.4670000000000001,0.4670000000000001,0.4670000000000001,0.4670000000000001,0.4670000000000001,0.4670000000000001,0.4670000000000001,0.4670000000000001,0.4670000000000001,0.4670000000000001,0.4670000000000001,0.4670000000000001,0.4670000000000001,0.4670000000000001,0.4670000000000001,0.4670000000000001,0.4670000000000001,0.4670000000000001,0.4670000000000001,0.4670000000000001
0.7300000000000001,0.4670000000000001,0.4670000000000001,0.4670000000000001,0.4670000000000001,0.4670000000000001,0.4670000000000001,0.4670000000000001,0.4670000000000001,0.4670000000000001,0.4670000000000001,0.4670000000000001,0.4670000000000001,0.4670000000000001,0.4670000000000001,0.4670000000000001,0.4670000000000001,0.4670000000000001,0.4670000000000001,0.4670000000000001,0.4670000000000001,0.4670000000000001,0.4670000000000001,0.4670000000000001,0.4670000000000001,0.4670000000000001
0.7550000000000001,0.4670000000000001,0.4670000000000001,0.4670000000000001,0.4670000000000001,0.4670000000000001,0.4670000000000001,0.4670000000000001,0.4670000000000001,0.4670000000000001,0.4670000000000001,0.4670000000000001,0.4670000000000001,0.4670000000000001,0.4670000000000001,0.4670000000000001,0.4670000000000001,0.4670000000000001,0.4670000000000001,0.4670000000000001,0.4670000000000001,0.4670000000000001,0.4670000000000001,0.4670000000000001,0.4670000000000001,0.4670000000000001
0.78,0.4670000000000001,0.4670000000000001,0.4670000000000001,0.4670000000000001,0.4670000000000001,0.4670000000000001,0.4670000000000001,0.4670000000000001,0.4670000000000001,0.4670000000000001,0.4670000000000001,0.4670000000000001,0.4670000000000001,0.4670000000000001,0.4670000000000001,0.4670000000000001,0.4670000000000001,0.4670000000000001,0.4670000000000001,0.4670000000000001,0.4670000000000001,0.4670000000000001,0.4670000000000001,0.4670000000000001,0.4670000000000001
0.8050000000000002,0.4670000000000001,0.4670000000000001,0.4670000000000001,0.4670000000000001,0.4670000000000001,0.4670000000000001,0.4670000000000001,0.4670000000000001,0.4670000000000001,0.4670000000000001,0.4670000000000001,0.4670000000000001,0.4670000000000001,0.4670000000000001,0.4670000000000001,0.4670000000000001,0.4670000000000001,0.4670000000000001,0.4670000000000001,0.4670000000000001,0.4670000000000001,0.4670000000000001,0.4670000000000001,0.4670000000000001,0.4670000000000001
0.8300000000000001,0.4670000000000001,0.4670000000000001,0.4670000000000001,0.4670000000000001,0.4670000000000001,0.4670000000000001,0.4670000000000001,0.4670000000000001,0.4670000000000001,0.4670000000000001,0.4670000000000001,0.4670000000000001,0.4670000000000001,0.4670000000000001,0.4670000000000001,0.4670000000000001,0.4670000000000001,0.4670000000000001,0.4670000000000001,0.4670000000000001,0.4670000000000001,0.4670000000000001,0.4670000000000001,0.4670000000000001,0.4670000000000001
0.8550000000000001,0.4670000000000001,0.4670000000000001,0.4670000000000001,0.4670000000000001,0.4670000000000001,0.4670000000000001,0.4670000000000001,0.4670000000000001,0.4670000000000001,0.4670000000000001,0.4670000000000001,0.4670000000000001,0.4670000000000001,0.4670000000000001,0.4670000000000001,0.4670000000000001,0.4670000000000001,0.4670000000000001,0.4670000000000001,0.4670000000000001,0.4670000000000001,0.4670000000000001,0.4670000000000001,0.4670000000000001,0.4670000000000001
0.8800000000000001,0.4670000000000001,0.4670000000000001,0.4670000000000001,0.4670000000000001,0.4670000000000001,0.4670000000000001,0.4670000000000001,0.4670000000000001,0.4670000000000001,0.4670000000000001,0.4670000000000001,0.4670000000000001,0.4670000000000001,0.4670000000000001,0.4670000000000001,0.4670000000000001,0.4670000000000001,0.4670000000000001,0.4670000000000001,0.4670000000000001,0.4670000000000001,0.4670000000000001,0.4670000000000001,0.4670000000000001,0.4670000000000001
0.9050000000000001,0.4670000000000001,0.4670000000000001,0.4670000000000001,0.4670000000000001,0.4670000000000001,0.4670000000000001,0.4670000000000001,0.4670000000000001,0.4670000000000001,0.4670000000000001,0.4670000000000001,0.4670000000000001,0.4670000000000001,0.4670000000000001,0.4670000000000001,0.4670000000000001,0.4670000000000001,0.4670000000000001,0.4670000000000001,0.4670000000000001,0.4670000000000001,0.4670000000000001,0.4670000000000001,0.4670000000000001,0.4670000000000001
0.9300000000000002,0.4670000000000001,0.4670000000000001,0.4670000000000001,0.4670000000000001,0.4670000000000001,0.4670000000000001,0.4670000000000001,0.4670000000000001,0.4670000000000001,0.4670000000000001,0.4670000000000001,0.4670000000000001,0.4670000000000001,0.4670000000000001,0.4670000000000001,0.4670000000000001,0.4670000000000001,0.4670000000000001,0.4670000000000001,0.4670000000000001,0.4670000000000001,0.4670000000000001,0.4670000000000001,0.4670000000000001,0.4670000000000001
0.9550000000000001,0.4670000000000001,0.4670000000000001,0.4670000000000001,0.4670000000000001,0.4670000000000001,0.4670000000000001,0.4670000000000001,0.4670000000000001,0.4670000000000001,0.4670000000000001,0.4670000000000001,0.4670000000000001,0.4670000000000001,0.4670000000000001,0.4670000000000001,0.4670000000000001,0.4670000000000001,0.4670000000000001,0.4670000000000001,0.4670000000000001,0.4670000000000001,0.4670000000000001,0.4670000000000001,0.4670000000000001,0.4670000000000001
0.9800000000000002,0.4670000000000001,0.4670000000000001,0.4670000000000001,0.4670000000000001,0.4670000000000001,0.4670000000000001,0.4670000000000001,0.4670000000000001,0.4670000000000001,0.4670000000000001,0.4670000000000001,0.4670000000000001,0.4670000000000001,0.4670000000000001,0.4670000000000001,0.4670000000000001,0.4670000000000001,0.4670000000000001,0.4670000000000001,0.4670000000000001,0.4670000000000001,0.4670000000000001,0.4670000000000001,0.4670000000000001,0.4670000000000001
1.0050000000000001,0.4670000000000001,0.4670000000000001,0.4670000000000001,0.4670000000000001,0.4670000000000001,0.4670000000000001,0.4670000000000001,0.4670000000000001,0.4670000000000001,0.4670000000000001,0.4670000000000001,0.4670000000000001,0.4670000000000001,0.4670000000000001,0.4670000000000001,0.4670000000000001,0.4670000000000001,0.4670000000000001,0.4670000000000001,0.4670000000000001,0.4670000000000001,0.4670000000000001,0.4670000000000001,0.4670000000000001,0.4670000000000001
1.0300000000000002,0.4670000000000001,0.4670000000000001,0.4670000000000001,0.4670000000000001,0.4670000000000001,0.4670000000000001,0.4670000000000001,0.4670000000000001,0.4670000000000001,0.4670000000000001,0.4670000000000001,0.4670000000000001,0.4670000000000001,0.4670000000000001,0.4670000000000001,0.4670000000000001,0.4670000000000001,0.4670000000000001,0.4670000000000001,0.4670000000000001,0.4670000000000001,0.4670000000000001,0.4670000000000001,0.4670000000000001,0.4670000000000001
1.0550000000000002,0.4670000000000001,0.4670000000000001,0.4670000000000001,0.4670000000000001,0.4670000000000001,0.4670000000000001,0.4670000000000001,0.4670000000000001,0.4670000000000001,0.4670000000000001,0.4670000000000001,0.4670000000000001,0.4670000000000001,0.4670000000000001,0.4670000000000001,0.4670000000000001,0.4670000000000001,0.4670000000000001,0.4670000000000001,0.4670000000000001,0.4670000000000001,0.4670000000000001,0.4670000000000001,0.4670000000000001,0.4670000000000001
1.08,0.4670000000000001,0.4670000000000001,0.4670000000000001,0.4670000000000001,0.4670000000000001,0.4670000000000001,0.4670000000000001,0.4670000000000001,0.4670000000000001,0.4670000000000001,0.4670000000000001,0.4670000000000001,0.4670000000000001,0.4670000000000001,0.4670000000000001,0.4670000000000001,0.4670000000000001,0.4670000000000001,0.4670000000000001,0.4670000000000001,0.4670000000000001,0.4670000000000001,0.4670000000000001,0.4670000000000001,0.4670000000000001
