L_Pd_len_nm,2.0,43.58333333333333,85.16666666666667,126.75,168.33333333333331,209.91666666666666,251.5,293.0833333333333,334.66666666666663,376.25,417.8333333333333,459.41666666666663,501.00000000000006,542.5833333333334,584.1666666666666,625.75,667.3333333333334,708.9166666666667,750.5,792.0833333333333,833.6666666666666,875.25,916.8333333333334,958.4166666666665,1000.0
2.0,0.46699999999999964,0.38787156985517507,0.3706687615669627,0.36045889697998107,0.353173202207162,0.3475043427056646,0.3428634405757918,0.3389342994136739,0.3355273515004048,0.3325199382169721,0.3298281111811317,0.32739188280856213,0.3251668947023695,0.3231194194858186,0.3212232135549336,0.31945745465222497,0.31780534434536667,0.3162531336886736,0.31478942703679197,0.31340467384793363,0.3120907906704454,0.31084087523713777,0.3096489869824023,0.30850997628350135,0.307419349996122
43.58333333333333,0.5461284301448249,0.46699999999999975,0.44979719171366683,0.4395873271251413,0.4323016323519621,0.426632772843599,0.42199187072060623,0.4180627295585055,0.41465578166109635,0.41164836835492874,0.4089565413259446,0.4065203129533773,0.4042953248471858,0.4022478496306371,0.4003516436997549,0.3985858847970477,0.39693377449019057,0.3953815638334983,0.3939178571816173,0.3925331039927606,0.3912192208152726,0.3899693053819634,0.388777417127228,0.3876384064283272,0.38654778014094815
85.16666666666667,0.5633312384330372,0.48420280828633316,0.4670000000000001,0.45679013541146674,0.44950444064281564,0.4438355811386945,0.43919467900884807,0.43526553784666655,0.4318585899334152,0.4288511766410279,0.42615934961415697,0.4237231212443133,0.4214981331354018,0.41945065791885067,0.41755445198800584,0.41578869309627353,0.41413658279725896,0.4125843721034085,0.4111206654698281,0.40973591228097134,0.4084220291034834,0.40717211367017614,0.4059802254154409,0.40484121471654017,0.4037505884291611
126.75,0.5735411030200187,0.4944126728748587,0.4772098645885332,0.46699999999999997,0.4597143052265191,0.45404544572353733,0.4494045435986206,0.44547540243367956,0.4420684545207513,0.43906104123698775,0.43636921420112756,0.43393298582852413,0.43170799772237023,0.42966052250583114,0.4277643165748755,0.42599855767224326,0.42434644736552324,0.42279423670869165,0.42133053005681737,0.4199457768679544,0.41863189369047443,0.4173819782572068,0.4161900900121275,0.41505107931747875,0.41396045303614043
168.33333333333331,0.5808267977928379,0.5016983676480379,0.4844955593571843,0.47428569477348087,0.4670000000000001,0.4613311404850407,0.45669023836650896,0.45276109720650154,0.44935414929613754,0.44634673600963015,0.4436549089687553,0.4412186806014059,0.4389936924952069,0.4369462172786472,0.43505001134773535,0.4332842524450207,0.4316321421381968,0.4300799314815131,0.4286162248257408,0.4272314716407737,0.42591758846331845,0.4246676730299995,0.42347578478240555,0.4223367740763441,0.42124614778897335
209.91666666666666,0.5864956572943352,0.5073672271564009,0.4901644188613055,0.47995455427646266,0.47266885951495924,0.4670000000000001,0.4623590978701092,0.4584299567080024,0.4550230087786014,0.45201559551196896,0.44932376847841393,0.44688754010261483,0.44466255199669147,0.442615076791789,0.44071887084971145,0.43895311194656755,0.4373010016397037,0.43574879098299285,0.4342850843310872,0.4329003311422417,0.4315864479647804,0.43033653253148074,0.4291446442540462,0.42800563357757304,0.42691500729046583
251.5,0.5911365594242081,0.5120081292793938,0.49480532099115193,0.4845954564013794,0.47730976163349104,0.4716409021298908,0.4670000000000002,0.4630708588378796,0.45966391092371983,0.45665649763884264,0.45396467060376844,0.45152844223277205,0.4493034541295595,0.4472559789098683,0.4453597729791483,0.4435940140761244,0.44194190377174863,0.4403896931140659,0.43892598646101266,0.4375412332721513,0.4362273500946515,0.4349774346613215,0.43378554640657513,0.43264653570769257,0.4315559094203347
293.0833333333333,0.5950657005863259,0.5159372704414945,0.49873446215333345,0.48852459756632044,0.48123890279349846,0.4755700432919976,0.4709291411621204,0.4670000000000001,0.46359305207875096,0.46058563880329645,0.4578938117674465,0.4554575833776677,0.45323259528867943,0.4511851200721631,0.4492889141442674,0.44752315523847974,0.44587104493168733,0.4443188342600393,0.4428551276232158,0.44147037443427445,0.4401564912581373,0.4389065758234803,0.4377146875687416,0.43657567686983284,0.4354850505824363
334.66666666666663,0.598472648499595,0.5193442183389037,0.5021414100665847,0.4919315454792487,0.48464585070386246,0.47897699122139853,0.4743360890762801,0.47040694792124904,0.4670000000000001,0.463992586716071,0.46130075966467377,0.45886453130816174,0.45663954319951694,0.4545920679759995,0.45269586206651063,0.45093010315188853,0.4492779928479859,0.4477257821882379,0.44626207553627006,0.44487732234715144,0.44356343917000757,0.4423135237367527,0.44112163548204375,0.43998262478425204,0.4388919984957345
376.25,0.6014800617830277,0.5223516316450713,0.505148823358972,0.49493895876301225,0.48765326399036985,0.48198440448803104,0.4773435023611573,0.47341436119670355,0.47000741328392887,0.4670000000000001,0.4643081729641219,0.46187194459113873,0.4596469564844187,0.45759948126879363,0.45570327532325083,0.4539375164338561,0.45228540612840545,0.4507331954718613,0.44926948882285456,0.4478847356309499,0.4465708524532253,0.44532093702018016,0.44412904876504156,0.4429900380665462,0.4418994117829892
417.8333333333333,0.6041718888188681,0.5250434586740553,0.507840650385843,0.49763078579887243,0.4903450910312447,0.484676231521586,0.48003532939623156,0.4761061882325535,0.47269924033532623,0.4696918270358781,0.4670000000000001,0.4645637716274287,0.4623387835212243,0.46029130830467646,0.4583951023738087,0.4566293434685757,0.4549772331486489,0.4534250225074622,0.4519613158577226,0.45057656266709084,0.44926267949235615,0.4480127640560022,0.44682087580099417,0.44568186510237934,0.44459123881500057
459.41666666666663,0.6066081171914377,0.5274796870466226,0.5102768787556866,0.5000670141714758,0.49278131939859404,0.48711245989738516,0.4824715577672279,0.47854241662233227,0.4751354686918382,0.4721280554088612,0.46943622837257126,0.4670000000000001,0.4647750118938078,0.4627275366772585,0.4608313307463766,0.4590655718210039,0.45741346153667034,0.45586125086772206,0.45439754422201906,0.4530127910393793,0.4516989078618938,0.4504489924290154,0.44925710417688713,0.4481180934749386,0.44702746718732755
501.00000000000006,0.6088331052976315,0.5297046751528142,0.5125018668645981,0.5022920022776298,0.4950063075047931,0.4893374480033085,0.4846965458704404,0.48076740471132057,0.477360456800483,0.4743530435155813,0.4716612164787757,0.4692249881061922,0.4670000000000003,0.4649525247834506,0.46305631885256854,0.461290559932831,0.4596384496419701,0.45808623898630707,0.45662253233185435,0.4552377791279417,0.4539238959667554,0.45267398055546537,0.45148209228004366,0.4503430815817341,0.4492524552968038
542.5833333333334,0.6108805805141823,0.5317521503693629,0.5145493420811492,0.5043394774941689,0.49705378272135275,0.4913849232082109,0.48674402109013165,0.48281487992783684,0.4794079320240005,0.47640051873120637,0.4737086916953235,0.4712724633227414,0.4690474752165494,0.4670000000000001,0.46510379406911756,0.46333803517791033,0.4616859248580138,0.460133714202815,0.45867000755097925,0.4572852543618751,0.4559713711739817,0.4547214557396506,0.45352956749641404,0.4523905567975647,0.4512999305103167
584.1666666666666,0.6127767864450662,0.533648356300245,0.5164455480119942,0.5062356834251245,0.4989499886522646,0.4932811291502885,0.4886402270208517,0.4847110858557326,0.4813041379334893,0.47829672467674916,0.47560489762619124,0.47316866925362333,0.47094368114743146,0.46889620593088244,0.46699999999999986,0.46523424109729256,0.46358213078187527,0.4620299201335884,0.4605662134818598,0.4591814602803412,0.45786757711550197,0.45661766167959755,0.45542577341007084,0.45428676272391755,0.45319613644117895
625.75,0.6145425453477749,0.5354141152029521,0.5182113069037264,0.5080014423277567,0.5007157475549793,0.4950468880534324,0.4904059859238756,0.4864768447615202,0.48306989684811147,0.4800624835661439,0.47737065653142424,0.4749344281789961,0.4727094400671689,0.47066196482208966,0.4687657589027074,0.4670000000000001,0.4653478896931426,0.4637956790343921,0.46233197238455187,0.4609472191957123,0.4596333360171591,0.4583834205849162,0.4571915323298176,0.45605252162191146,0.4549618953284998
667.3333333333334,0.6161946556546332,0.5370662255098093,0.519863417202741,0.5096535526344766,0.5023678578618032,0.4966989983602963,0.4920580962282513,0.4881289550683126,0.484722007152014,0.4817145938715945,0.4790227668513511,0.47658653846332966,0.4743615503580299,0.4723140751419862,0.4704178692181246,0.46865211030685733,0.46699999999999997,0.4654477893433076,0.46398408269089697,0.46259932950256755,0.46128544630754204,0.4600355308916868,0.4588436426370389,0.45770463193810296,0.45661400564811966
708.9166666666667,0.6177468663113262,0.5386184361665016,0.5214156278965915,0.5112057632913083,0.5039200685184868,0.4982512090170071,0.49361030688593405,0.4896811657399607,0.48627421781176206,0.4832668045281387,0.48057497749253775,0.47813874913227794,0.47591376101369287,0.4738662857971849,0.4719700798664116,0.4702043209656078,0.4685522106566924,0.4670000000000001,0.46553629334811897,0.46415154015911736,0.4628376569817738,0.4615877415456051,0.4603958532937241,0.45925684258625565,0.45816621630744864
750.5,0.6192105729632078,0.5400821428183825,0.5228793345301718,0.5126694699431826,0.5053837751742591,0.49971491566891274,0.49507401353898733,0.49114487237678406,0.4877379244637299,0.48473051117714544,0.48203868414227735,0.4796024557779809,0.4773774676681456,0.4753299924490207,0.4734337865181402,0.47166802761544807,0.470015917309103,0.46846370665188103,0.46699999999999986,0.4656152468329371,0.46430136363361335,0.46305144820034766,0.461859559945118,0.460720549246711,0.4596299229582457
792.0833333333333,0.620595326152065,0.5414668960072393,0.5242640877190285,0.5140542231320455,0.5067685283592263,0.5010996688577583,0.49645876672784867,0.4925296255657255,0.4891226776528485,0.48611526436905006,0.48342343733290916,0.48098720896062064,0.4787622208720582,0.4767147456381249,0.4748185397196588,0.4730527808042877,0.4714006704974324,0.46984845984088264,0.4683847531670629,0.46699999999999986,0.46568611680891936,0.4644362013891919,0.4632443131344692,0.4621053024354776,0.46101467614818914
833.6666666666666,0.6219092093295534,0.5427807791847272,0.5255779708965166,0.5153681063095256,0.5080824115366815,0.5024135520352195,0.4977726499053485,0.4938435087418627,0.49043656082999243,0.4874291475467747,0.4847373205076438,0.4823010921381061,0.4800761040332445,0.4780286288260183,0.47613242288449803,0.47436666398284083,0.47271455369245796,0.47116234301822624,0.4696986363663866,0.46831388319108064,0.46699999999999975,0.465750084559897,0.46455819631195316,0.46341918558938344,0.4623285593256594
875.25,0.623159124762861,0.5440306946180365,0.5268278863298239,0.5166180217427931,0.5093323269700004,0.5036634674685192,0.4990225653386785,0.4950934241765196,0.49168647626324724,0.48867906297981983,0.48598723594399773,0.48355100757098446,0.4813260194445346,0.4792785442603493,0.47738233832040244,0.47561657941508373,0.4739644691083132,0.4724122584543949,0.4709485517996523,0.4695637986108081,0.4682499154401029,0.46699999999999997,0.4658081117417502,0.4646691010463625,0.46357847475022157
916.8333333333334,0.6243510130175964,0.5452225828727719,0.5280197745845591,0.5178099099878725,0.5105242152175944,0.5048553557459537,0.5002144535934248,0.4962853124312584,0.49287836451795625,0.4898709512349584,0.4871791241990058,0.4847428958231128,0.4825179077199563,0.4804704325035859,0.47857422658992915,0.47680846767018237,0.4751563573629611,0.4736041467062758,0.472140440054882,0.4707556868655308,0.4694418036880467,0.46819188825824976,0.46699999999999986,0.46586098929922387,0.46477036301371955
958.4166666666665,0.6254900237164973,0.5463615935716727,0.5291587852834597,0.5189489206825212,0.5116632259236559,0.5059943664224269,0.5013534642923074,0.49742432313016705,0.49401737521574796,0.4910099619334538,0.4883181348976206,0.4858819065250614,0.4836569184182659,0.48160944320243526,0.4797132372760824,0.47794747837808854,0.476295368061897,0.47474315741374434,0.473279450753289,0.4718946975645224,0.4705808144106165,0.46933089895363744,0.46813901070077607,0.4670000000000002,0.4659093737115906
1000.0,0.6265806500038766,0.5474522198590519,0.5302494115708388,0.5200395469638596,0.5127538522110267,0.5070849927095341,0.5024440905796652,0.4985149494175637,0.4951080015042655,0.49210058821701075,0.48940876118499943,0.48697253281267244,0.4847475447031962,0.48270006948968325,0.480803863558821,0.4790381046715002,0.47738599435188034,0.4758337836925513,0.47437007704175427,0.4729853238518108,0.4716714406743405,0.4704215252497784,0.46922963698628045,0.46809062628840936,0.4670000000000001
