Cdl_Pd_uF_per_cm2,5.0,5.66473486165177,6.41784421056258,7.271077167244767,8.237744862210327,9.332928100471122,10.57371263440564,11.979455715441082,13.572088082974531,15.376456101806877,17.4207093857127,19.73673995439019,22.360679774997898,25.33346445033245,28.70147184764281,32.517245631211814,36.84031498640387,41.73812332354283,47.28708045015879,53.57375462634928,60.696223100291725,68.76560219336321,77.9077808054444,88.26538438450513,100.0
5.0,-0.02567163760656606,-0.03204602679061859,-0.038330277680705516,-0.04446187833596861,-0.05038267743740504,-0.05604122563611727,-0.061394671063040515,-0.06641005126112948,-0.07106489823229395,-0.07534715452948701,-0.0792544750653191,-0.08279304944795972,-0.08597611128470455,-0.08882230619502166,-0.09135407167307033,-0.09359614732930292,-0.09557429333757003,-0.09731425533812804,-0.09884098123623092,-0.10017807175363838,-0.10134743256702357,-0.10236908957821098,-0.10326112897526214,-0.10403972697515226,-0.10471924008019019
5.66473486165177,-0.021322713903837734,-0.028017258660797253,-0.03461657936734365,-0.041054947897829125,-0.047271232277716665,-0.05321136154800439,-0.058830320448802736,-0.0640935089905882,-0.0689773774952468,-0.07346933601591457,-0.07756701642093428,-0.08127702931216096,-0.08461339135800572,-0.08759580461972807,-0.09024794862143237,-0.09259591079258933,-0.09466683699597707,-0.09648784233864832,-0.09808518789113246,-0.099483704025531,-0.10070642622372987,-0.10177440281249872,-0.10270663394314421,-0.1035201049441423,-0.10422988299576867
6.41784421056258,-0.016475805043964287,-0.0235275977308943,-0.030478498821749578,-0.037259187154276285,-0.04380520009455684,-0.05005953641263046,-0.05597476247630935,-0.06151444711441735,-0.06665383094435672,-0.07137972836427209,-0.07568974515243072,-0.07959096258168456,-0.08309827318917035,-0.08623256045920624,-0.08901889301183735,-0.09148486563818067,-0.09365917370670601,-0.09557046347401797,-0.09724646403116818,-0.09871338000505028,-0.0999955093706061,-0.10111504259284115,-0.10209200052683727,-0.10294427186715072,-0.10368771700781429
7.271077167244767,-0.011091953109248695,-0.018541042290360937,-0.025882948702125166,-0.03304435056107895,-0.03995707549623294,-0.04656085761842767,-0.05280556814989727,-0.05865273462921789,-0.0640762486608478,-0.06906225973039663,-0.07360834401530099,-0.07772210676330717,-0.08141941652706478,-0.08472247349872036,-0.08765789462462811,-0.09025495474732224,-0.09254407619188362,-0.09455561162728403,-0.09631892567986479,-0.09786175404543943,-0.09920980071998492,-0.10038652792919717,-0.10141309281071617,-0.10230838927322361,-0.10308916019680275
8.237744862210327,-0.005134762603432902,-0.013023963271004274,-0.020799029744208136,-0.028382202576720902,-0.03570119317176329,-0.04269211189646545,-0.049301837573156135,-0.05548963016526274,-0.06122788191945047,-0.0665020026142539,-0.07130953397945644,-0.07565866214316352,-0.07956633837267031,-0.08305622449837105,-0.08615665641206817,-0.08889877422522564,-0.0913149175957441,-0.09343733336520857,-0.09529720171768191,-0.09692395738730175,-0.09834486443090033,-0.09958479578638857,-0.10066616862114598,-0.10160899129451947,-0.10243098474008366
9.332928100471122,0.0014277421525674544,-0.006946819882569413,-0.015199606558531156,-0.02324795772117204,-0.03101503743983665,-0.0384329512232445,-0.04544526912692137,-0.05200874274693704,-0.05809410448410186,-0.06368594381340498,-0.06878176206416392,-0.07339038550097825,-0.07752996095792836,-0.08122576516050684,-0.08450803350345426,-0.08740996771770944,-0.08996602660399984,-0.0922105504993791,-0.09417672589264907,-0.09589586483033849,-0.09739695475043515,-0.09870642656013252,-0.09984808871239377,-0.10084317972782032,-0.10171049971850038
10.57371263440564,0.008621001548093088,-0.0002861126644992801,-0.009063101235114876,-0.017621919286145885,-0.025880732060691983,-0.03376724063846,-0.04122137417435849,-0.04819712258523605,-0.054663388919268655,-0.060603856630410284,-0.06601597913262092,-0.07090928384480243,-0.07530323039265933,-0.0792248701180949,-0.08270652673050746,-0.0857836688387231,-0.08849308558733446,-0.0908714194058376,-0.09295406281926338,-0.09477439174523228,-0.09636328796675286,-0.09774889460576205,-0.09895654862246744,-0.10000883968094816,-0.10092575294715031
11.979455715441082,0.016461643665838716,0.0069735135428567185,-0.00237542495786644,-0.011491243791786634,-0.02028664366713566,-0.02868450870389737,-0.0366207834397112,-0.04404643312816793,-0.05092835504342691,-0.05724923646815821,-0.06300647350991798,-0.0682103562881144,-0.07288177704882387,-0.07704972561951634,-0.08074880816464436,-0.08401697154134515,-0.08689355279265175,-0.08941771153816543,-0.09162725225020449,-0.09355780722410222,-0.09524232882605013,-0.09671083133927973,-0.09799032176474198,-0.09910486560760867,-0.10007574204520389
13.572088082974531,0.0249551860869692,0.014837147538919432,0.004868073339256693,-0.004851720810182203,-0.014228999457195954,-0.023181410179191328,-0.031640563456239654,-0.03955413149685466,-0.046886824860807266,-0.053620241166539795,-0.0597517077240294,-0.06529233801885029,-0.07026457686814075,-0.0746995177941763,-0.07863424525613757,-0.0821093981815384,-0.08516708180152507,-0.08784919069817129,-0.09019615001754078,-0.09224604342683682,-0.09403407258554153,-0.0955922839994971,-0.09694949806795414,-0.09813138246451522,-0.09916062070315156
15.376456101806877,0.034093906348411335,0.023297644255735495,0.012660799463354688,0.002290575658381838,-0.007713386773664052,-0.01726308169794026,-0.026285436467823928,-0.03472456151634311,-0.04254279848693382,-0.04972055994130639,-0.05625509059700312,-0.06215838546657476,-0.06745455942094639,-0.07217697226949543,-0.07636538066374206,-0.08006332714908798,-0.08331590358732888,-0.08616795574120467,-0.08866273664281471,-0.09084097497874352,-0.09274029923450652,-0.09439494812047326,-0.09583569783311496,-0.09708994353913464,-0.09818188264560579
17.4207093857127,0.04385509720171904,0.03233401211105719,0.020983432350216213,0.009917933804489493,-0.0007559833533090227,-0.010944253349947919,-0.02056877989179333,-0.029569848386279463,-0.0379072519159178,-0.045560122484331333,-0.0525256060314558,-0.05881663304244624,-0.06445910035297836,-0.06948879030708735,-0.07394831845689902,-0.07788433561524608,-0.08134513175138423,-0.08437871319716184,-0.08703136183890375,-0.0893466393196584,-0.0913647730888209,-0.09312234930808569,-0.0946522380976906,-0.09598368373297954,-0.09714250367007757
19.73673995439019,0.0541999308153579,0.041910361959207554,0.02980295701541233,0.018000119828114863,0.006615639668539328,-0.004249973965991458,-0.014513277693887147,-0.024110480644975216,-0.03299865455818475,-0.041155557374762786,-0.04857821773776512,-0.05528054960462023,-0.06129033493580053,-0.06664592409621443,-0.07139296635531361,-0.07558141287682493,-0.07926295060911405,-0.08248894375403418,-0.08530889246497098,-0.08776936858099252,-0.08991336097409924,-0.09177994974240328,-0.09340422921055407,-0.09481740750884858,-0.09604702224154409
22.360679774997898,0.0650731305849511,0.051975600169716335,0.03907238082891837,0.026494118012936746,0.01436228148887897,0.0027841761737238124,-0.00815111006568825,-0.01837547769115125,-0.027843115782651376,-0.03653031905728381,-0.04443397823906266,-0.05156903118069488,-0.05796523622152171,-0.06366364218585421,-0.06871308982263152,-0.07316700464255717,-0.07708065120717618,-0.08050893114617054,-0.08350473534740802,-0.08611780741740006,-0.08839404580903584,-0.09037515815140694,-0.09209858184899901,-0.09359759345593327,-0.09490154200294032
25.33346445033245,0.07640358848536802,0.06246399664166086,0.04873125240724743,0.035344603136512776,0.022433540833548732,0.010112474460279547,-0.0015236011113444747,-0.012402070980314844,-0.02247409638446321,-0.031714426475955154,-0.040119791747891084,-0.04770618538388295,-0.054505418530674005,-0.06056134979221978,-0.06592614720696297,-0.07065686137311777,-0.07481249118224129,-0.07845163207031039,-0.0816307160804496,-0.08440279960328272,-0.08681682007759194,-0.08891722936813687,-0.09074391181912993,-0.09233230374439871,-0.09371364531073184
28.70147184764281,0.08810598076995507,0.0732966721311725,0.05870702576607201,0.044485185629916324,0.030768947506269656,0.017680080374950724,0.005319705601283364,-0.006234871937730743,-0.016931661032198092,-0.026743792219818083,-0.03566781235203903,-0.04372079130549919,-0.050936652128744736,-0.05736215193940548,-0.06305289561633833,-0.06806968116326814,-0.0724753702908568,-0.0763323801972809,-0.07970080778082353,-0.08263713826339196,-0.0851934546851276,-0.08741704937628968,-0.08935033916677076,-0.09103099548020505,-0.09249221517228891
32.517245631211814,0.1000833239355052,0.08438395672527188,0.06891722449524054,0.05384038785825515,0.039299758772132626,0.025424661469958476,0.012322513331791907,7.544622393919342e-05,-0.011261296105621932,-0.021659164128709177,-0.031114497231627264,-0.03964545276122114,-0.047288105455295784,-0.05409217400945643,-0.060116780259332876,-0.06542656003507233,-0.070088333241625,-0.07416843484851175,-0.07773071952125524,-0.0808351888470955,-0.0835371518588734,-0.08588681401739977,-0.08792918930839086,-0.08970424110923766,-0.09124717246505565
36.84031498640387,0.1122303099646251,0.09562846861717023,0.07927226900059861,0.06332822711607211,0.04795130785195084,0.033278519189342715,0.019423688829276475,0.006473870795013104,-0.005512366357652856,-0.016504744945547156,-0.026499373824008035,-0.03551549708367084,-0.043591361136728346,-0.05077968200556099,-0.05714314608275159,-0.0627502829204897,-0.06767193043948627,-0.07197840219318558,-0.0757373700856929,-0.07901240816687202,-0.0818621033822831,-0.08433962123538272,-0.0864926145678007,-0.08836337533597037,-0.08998914475410555
41.73812332354283,0.12443716878711239,0.10692868182959994,0.08967875438422962,0.07286321161163381,0.0566457288166827,0.04117105566037299,0.026559486451084274,0.01290304760200331,0.0002636753295496702,-0.011326592213803513,-0.021863611054410606,-0.03136770110391643,-0.03987927920692748,-0.047454066392864064,-0.05415832840089699,-0.060064507819036474,-0.06524748331310029,-0.06978157127198359,-0.07373828502006043,-0.07718479459588917,-0.08018298664795062,-0.0827890065293316,-0.0850531637180624,-0.08702009424258336,-0.08872909082772368
47.28708045015879,0.13659375058043025,0.11818269913598128,0.10004291862596246,0.0823595116801287,0.06530484137702242,0.04903138671362317,0.03366590421258872,0.019305397927734252,0.006015183168707888,-0.006170924392054078,-0.01724850845160393,-0.027238943429926277,-0.03618479533265087,-0.044144770116782764,-0.05118869402604985,-0.05739290623026703,-0.0628363114782324,-0.06759721625896012,-0.07175096422019428,-0.07536831175476136,-0.0785144368576971,-0.08124845732937591,-0.083623332660616,-0.08568603709281108,-0.08747790958681662
53.57375462634928,0.14859350726509254,0.12929193376855394,0.11027402858077542,0.09173405745496285,0.07385297101697194,0.056790895085781584,0.04068098671903089,0.02562518742304673,0.011692172487704072,-0.0010824649811006087,-0.012694019083171817,-0.023164888500444514,-0.03253974826867567,-0.04088024214642193,-0.04825970675932223,-0.05475832623746274,-0.060458980776047465,-0.06544391830467908,-0.06979226769224976,-0.07357832982532223,-0.07687053622993856,-0.07973094323733032,-0.08221513017097991,-0.08437238282126248,-0.08624606295657988
60.696223100291725,0.16033707804949496,0.14016442746738086,0.12028743360897978,0.10090933392969212,0.08221949342283205,0.0643855370619614,0.0475469061965135,0.031810396159989957,0.017247993643131815,0.0038970535055983246,-0.00823741557146393,-0.019178798219914917,-0.028973820940857042,-0.03768699426223554,-0.04539508518950881,-0.052182038929308866,-0.05813462684494851,-0.06333895654584949,-0.0678778645172004,-0.07182912452779094,-0.0752643562357338,-0.07824849571489169,-0.08083968980901662,-0.08308948970553048,-0.08504323952607198
68.76560219336321,0.171735251283018,0.15071759301707863,0.13000709125976934,0.1098156940141051,0.09034094224967398,0.07175775352919475,0.054211686517309315,0.03781426814559888,0.02264072060214206,0.00873012912405391,-0.003912184886413525,-0.015310547683034248,-0.02551366477219337,-0.03458882064088584,-0.04261610667087826,-0.04968311628930229,-0.05588039746607326,-0.06129780583656213,-0.0660217791862891,-0.07013346536073754,-0.07370758193546084,-0.07681186351046997,-0.0795069521644166,-0.08184660072041461,-0.08387807984064465
77.9077808054444,0.18271115193037482,0.16088024197010928,0.13936743620886535,0.11839307248627734,0.09816257184210872,0.07885788698265009,0.060630483090873266,0.0435964623994852,0.02783418178648589,0.013384411933569179,0.0002527924872373216,-0.011585894778952513,-0.022182249752944957,-0.03160621969400926,-0.03994109208389336,-0.04727797095638954,-0.0537110406608545,-0.05933376700881156,-0.06423605795363944,-0.06850231322425926,-0.07221023659057169,-0.07543026052266243,-0.07822543274304244,-0.08065162870569212,-0.08275797643668363
88.26538438450513,0.1932015973674707,0.1705938450780404,0.14831454444780232,0.1265920539611683,0.10563933276209428,0.08564506789588416,0.06676638416264863,0.04912377309837418,0.03279860537160506,0.017833279714474237,0.004233755564672453,-0.008026024116040115,-0.0189984590995792,-0.028756034055409593,-0.03738508604277556,-0.04498007173617512,-0.05163865033760451,-0.05745773894021964,-0.06253056389884924,-0.0669446353078339,-0.07078051363878657,-0.07411121251593845,-0.07700208135122963,-0.07951102658711268,-0.0816889534349961
100.0,0.20315764608620765,0.17981304275839058,0.15680660783069925,0.134374312131006,0.11273627429108468,0.09208758153247337,0.07259074251493278,0.054370429054711594,0.037510887670910154,0.022056077455681167,0.008012276092684484,-0.004647358107596297,-0.015976922819506106,-0.026051303597657463,-0.03495972694257675,-0.04279982870136108,-0.049672564993832616,-0.0556781287884895,-0.06091289711498541,-0.06546733388360636,-0.06942471287222038,-0.07286049957822058,-0.07584222997712448,-0.07842973996963196,-0.08067562313022489
