Cdl_Pd_uF_per_cm2,5.0,8.958333333333334,12.916666666666664,16.875,20.833333333333332,24.791666666666668,28.749999999999996,32.708333333333336,36.666666666666664,40.62499999999999,44.58333333333333,48.541666666666664,52.5,56.458333333333336,60.41666666666667,64.375,68.33333333333333,72.29166666666667,76.25,80.20833333333334,84.16666666666667,88.125,92.08333333333334,96.04166666666667,100.0
5.0,-1.0367378147807857,-1.1982915224194044,-1.3160785007488471,-1.4059751400932363,-1.4769593961326377,-1.5345008883856144,-1.5821288818604682,-1.6222267542182751,-1.656464613406341,-1.6860490338244496,-1.7118743411404052,-1.7346180410916234,-1.7548031220563909,-1.7728399528680436,-1.7890551937833266,-1.8037121984655287,-1.817025705457611,-1.8291726045736703,-1.8402999504048339,-1.8505310202340408,-1.859969945785642,-1.8687053009582715,-1.876812909538221,-1.8843580646877545,-1.8913972985078134
8.958333333333334,-0.9326838245256739,-1.0967412178876212,-1.216706168179376,-1.3084614353052786,-1.3810310406765431,-1.4399324722690756,-1.4887359401988483,-1.5298579394215497,-1.5649949245485413,-1.5953743939807126,-1.621907365428486,-1.6452847559242483,-1.6660404175358494,-1.6845935933671015,-1.701278252212409,-1.7163638160906212,-1.7300700976932732,-1.7425782628791404,-1.7540389908875282,-1.7645786518702533,-1.7743040314603586,-1.7833059947220127,-1.7916623505668539,-1.799440123001886,-1.8066973590131041
12.916666666666664,-0.85676786864252,-1.0224559023689583,-1.143873790632161,-1.236885945249308,-1.3105371567430766,-1.3703722142613999,-1.4199864315295485,-1.4618173478792866,-1.4975785238572066,-1.5285112412981223,-1.5555376291738543,-1.5793576023473876,-1.6005123474672944,-1.6194271287142252,-1.6364408948026932,-1.651827215414516,-1.6658093852268636,-1.6785715069544829,-1.6902667591003657,-1.7010236458114514,-1.7109507898507295,-1.720140640977181,-1.7286723872102034,-1.7366142530798798,-1.7440253406587982
16.875,-0.7989599246171494,-0.9657753071931396,-1.0882196712228467,-1.182130413842882,-1.25656078719881,-1.3170719724696767,-1.367275633774648,-1.409623517499254,-1.4458409731042117,-1.4771789076690285,-1.504567283286871,-1.5287124030466699,-1.5501606883334587,-1.569341720001511,-1.5865980292563868,-1.6022061796358844,-1.6163919836606644,-1.6293416740110962,-1.6412102439022642,-1.6521277514208434,-1.6622041558338363,-1.6715330648984066,-1.680194672483491,-1.6882580831801302,-1.6957831685946778
20.833333333333332,-0.7534781323939846,-0.9211096868615627,-1.0443119151328457,-1.1388930739537826,-1.213908591176857,-1.27492984907279,-1.3255796715806185,-1.368319860048459,-1.4048842705375868,-1.4365308423899523,-1.4641953091822706,-1.4885887099993522,-1.5102613661063011,-1.5296460862173262,-1.5470880889306002,-1.5628661893144096,-1.5772080964012094,-1.5903016525505276,-1.6023032228889815,-1.6133440420593983,-1.6235350834364397,-1.632970833415152,-1.6417322505598577,-1.6498891079559899,-1.657501864056019
24.791666666666668,-0.7167612686403664,-0.8850056353035807,-1.008787162524343,-1.1038855518189747,-1.1793551096570125,-1.2407737138629824,-1.2917720935685053,-1.3348194376075437,-1.3716559682498162,-1.4035449497303691,-1.4314265177667431,-1.4560153448716138,-1.4778647569531058,-1.4974100579220595,-1.5149985496297464,-1.5309107953299805,-1.5453759814148833,-1.5585832045808958,-1.570689900315095,-1.5818282231584488,-1.5921099406641068,-1.6016302267433702,-1.610470639295115,-1.6187014763271237,-1.6263836560870413
28.749999999999996,-0.6864980095653765,-0.8552162330328779,-0.9794531051895792,-1.074961437613825,-1.1507926830746378,-1.2125289022014372,-1.2638065940445986,-1.3071005414810635,-1.3441558758520968,-1.3762400086240665,-1.4042965296984768,-1.4290429776087687,-1.4510350556138127,-1.4707100489558984,-1.4884169169276074,-1.5044376178403072,-1.5190025172147437,-1.532301714801608,-1.5444935039023224,-1.5557107765067242,-1.566065936187474,-1.5756547099787293,-1.5845591375354502,-1.5928499380504892,-1.6005884013316642
32.708333333333336,-0.661123512273182,-0.8302171173155467,-0.9548201945372199,-1.050660689324649,-1.126786321472728,-1.188781840934273,-1.2402880641622074,-1.2837841173982292,-1.3210190092993213,-1.3532634597342608,-1.3814638324112247,-1.406339975999679,-1.4284495188675348,-1.4482313539811336,-1.46603578846819,-1.4821459166652493,-1.496793066121227,-1.5101681561582492,-1.5224301813310375,-1.5337126369535568,-1.544128448877976,-1.553773795559636,-1.5627311129058583,-1.5710714659755105,-1.578856448936205
36.666666666666664,-0.6395408399641517,-0.8089378895280213,-0.9338411588883846,-1.0299557893166804,-1.1063253629977292,-1.1685363322414803,-1.2202328092484143,-1.2638973649720413,-1.301282132832945,-1.3336605257035625,-1.3619811760884808,-1.3869658319220155,-1.4091737090273444,-1.4290450281013933,-1.446931212542156,-1.4631162993484232,-1.4778324136329504,-1.4912711569815396,-1.503592107174761,-1.5149292619665076,-1.5253959811160203,-1.5350888223093984,-1.544090549969981,-1.5524725183159873,-1.560296575760107
40.62499999999999,-0.6209583502559096,-0.7906049311000883,-0.9157582841244696,-1.012102702044087,-1.0886775012140355,-1.1510701658905775,-1.2029273688528541,-1.2467344622418097,-1.2842461424955494,-1.316738048464234,-1.345160701822534,-1.3702374359727714,-1.3925287961104347,-1.4124761164376993,-1.4304317597253773,-1.4466805549910724,-1.461455302153048,-1.474948176253608,-1.487319248126812,-1.4987029400621692,-1.509212979309836,-1.5189462430939389,-1.52798577487285,-1.536403173528764,-1.5442605028377674
44.58333333333333,-0.6047904404480995,-0.7746452548823126,-0.9000098429884336,-0.9965494522878471,-1.0732991558973808,-1.1358470105344756,-1.1878417085899076,-1.2317708805033367,-1.2693913569129678,-1.3019806452049698,-1.3304908595775353,-1.355646676654107,-1.3780097677405045,-1.398022416598169,-1.4160377839834475,-1.4323413754618728,-1.4471665657840644,-1.4607060209400775,-1.4731202330679172,-1.4845439876982955,-1.4950913266962613,-1.504859400987756,-1.5139314931490704,-1.5223794118120844,-1.5302654054515576
48.541666666666664,-0.5905946299802074,-0.7606254393181487,-0.8861705928135993,-0.9828779211766956,-1.0597783662374536,-1.1224602380326472,-1.1745738393149474,-1.2186086955060622,-1.2563234356168964,-1.288997155264622,-1.3175833275646156,-1.342807778725497,-1.3652331489103187,-1.3853025368151868,-1.4033697914272705,-1.4197210014138266,-1.4345900376717269,-1.4481699902776217,-1.4606217155484442,-1.4720803131917957,-1.4826600973339599,-1.4924584558663694,-1.5015588784740697,-1.5100333555279044,-1.5179442956323903
52.5,-0.5780303601039998,-0.7482115811001521,-0.8739126994233084,-0.9707655928426355,-1.0477972299896086,-1.1105959494554525,-1.1628133549379918,-1.2069405637867852,-1.2447377391871015,-1.2774853389341314,-1.3061380108917986,-1.3314225751559063,-1.353902511632744,-1.3740216272077708,-1.3921343694816481,-1.4085273348320118,-1.42343482653137,-1.43705030450644,-1.4495349428779596,-1.461024115690926,-1.471632374875893,-1.4814573154248238,-1.4905826080862397,-1.499080402168302,-1.507013246276392
56.458333333333336,-0.5668312488330178,-0.7371422827371805,-0.8629793577258096,-0.9599597070010927,-1.037106507208845,-1.1000079687069668,-1.1523167546565452,-1.1965253345453464,-1.2343951922058545,-1.2672079684104323,-1.2959193315769664,-1.3212569707585409,-1.3437851004081636,-1.3639481479788542,-1.3821010862519416,-1.3985309574666926,-1.413472444913387,-1.4271193337817056,-1.4396330778601265,-1.4511492926907605,-1.4617827397184913,-1.4716311963967308,-1.4807784930707792,-1.4892969191854535,-1.497249146858278
60.41666666666667,-0.5567859371967674,-0.7272099847643485,-0.8531665415130583,-0.950259364913455,-1.027508031023848,-1.090500510210133,-1.1428903362432976,-1.1871711376376848,-1.2251055458404412,-1.2579762352175679,-1.2867397708838983,-1.3121246064747374,-1.3346956041903386,-1.3548977394977713,-1.373086449477935,-1.3895491708902168,-1.4045209235209222,-1.4181957807861065,-1.430735444398316,-1.442275744108401,-1.4529316272345616,-1.4628010331938894,-1.4719679340339722,-1.4805047436584984,-1.4884742439068959
64.375,-0.5477245792703532,-0.7182477821671136,-0.8443101055103098,-0.9415028766592972,-1.0188422605510656,-1.0819159111572778,-1.1343780823516811,-1.1787234044165267,-1.2167155134171854,-1.2496379946134155,-1.2784482059797726,-1.3038752789367485,-1.3264846509070258,-1.3467217846541382,-1.3649425305347946,-1.3814346767802463,-1.3964335431560362,-1.4101334601585713,-1.4226963507554025,-1.4342582359403369,-1.4449342290379117,-1.454822414164286,-1.464006889932426,-1.4725601816299794,-1.4805451691356357
68.33333333333333,-0.5395091252360309,-0.710119933694496,-0.8362764937835236,-0.9335586373735544,-1.0109793050800333,-1.0741257810675249,-1.1266529188035106,-1.171056220849811,-1.2091002084388722,-1.2420692756573855,-1.2709214859149922,-1.2963865753323445,-1.3190304953676824,-1.3392991447861557,-1.3575487440729017,-1.374067396471287,-1.3890906907838971,-1.4028131881908807,-1.415397010286217,-1.426978349814339,-1.4376724691676372,-1.4475775826272097,-1.4567779026415844,-1.4653460543945356,-1.473345006050292
72.29166666666667,-0.5320262131176867,-0.7027149111561665,-0.8289559278223961,-0.9263184398753648,-1.0038123400421382,-1.0670245076987246,-1.119610298454876,-1.164065978625564,-1.202156856245255,-1.235168046251179,-1.2640582439893098,-1.2895577281979134,-1.312232912307229,-1.3325300873719668,-1.350805807196984,-1.367348458913343,-1.3823938739214787,-1.39613682145938,-1.40873960250027,-1.4203385648067621,-1.4310491055345318,-1.440969556307017,-1.4501842324951992,-1.458765849690711,-1.4667774558119542
76.25,-0.5251818837662312,-0.6959402295248144,-0.8222573410866478,-0.9196924945256121,-0.9972527029284912,-1.060524419121169,-1.1131634188868176,-1.1576666450888724,-1.1958001059732304,-1.2288495639526522,-1.2577742832193084,-1.2833050319744836,-1.3060086409666467,-1.3263317560036922,-1.3446312325683543,-1.3611957149021543,-1.3762612541827153,-1.3900228084914743,-1.4026428412296683,-1.4142578408975752,-1.424983326887984,-1.4349177374609507,-1.444145481379956,-1.4527393563399433,-1.4607624827009051
80.20833333333334,-0.5188975999666254,-0.6897185486517854,-0.8161045529956776,-0.913605669387488,-0.9912261901123323,-1.0545521264736613,-1.1072396115083103,-1.1517861856629195,-1.189958486878332,-1.223042861163554,-1.2519990872879925,-1.277558377074527,-1.3002879400191174,-1.3206347442203596,-1.3389559194480911,-1.3555403437993707,-1.3706242687200254,-1.384402823948565,-1.3970386210491037,-1.408668276722853,-1.4194074217819617,-1.4293545917093726,-1.4385942804347298,-1.4471993605386444,-1.4552330184658033
84.16666666666667,-0.5131072045023825,-0.6839846922367842,-0.810433345454767,-0.9079946154302279,-0.9856702220734301,-1.0490457300233385,-1.101777573814786,-1.1463638272765921,-1.184571695854641,-1.2176880543921418,-1.246673149221518,-1.2722585959914245,-1.2950119494111454,-1.3153804716141995,-1.333721542740724,-1.3503242547319454,-1.3654250417740892,-1.3792191907527354,-1.3918694487042031,-1.4035125496244556,-1.414264226292583,-1.4242231031864447,-1.4334737522098357,-1.4420891145174648,-1.4501324370786723
88.125,-0.507754574627341,-0.6786833478327459,-0.8051892029293726,-0.9028055428936401,-0.9805316541619158,-1.0439526533823238,-1.0967252313083995,-1.14134793947394,-1.1795884972418558,-1.2127342606445253,-1.241745902596324,-1.2673554078149205,-1.2901306468931444,-1.310519151210164,-1.3288785305623965,-1.3454980727055446,-1.3606143796589016,-1.374422882487976,-1.3870864526011166,-1.3987419317080516,-1.4095051462483927,-1.4194748024625294,-1.428735543905123,-1.437360374754575,-1.44541259761442
92.08333333333334,-0.5027917866264247,-0.6737672673283491,-0.8003255459106997,-0.8979924835928385,-0.975765061135286,-1.039227951471841,-1.0920380629041269,-1.1366943767002236,-1.174965079509613,-1.2081379669036667,-1.2371741024545104,-1.2628058094236199,-1.2856012484499888,-1.3060081985552934,-1.3243844805020033,-1.3410195624039654,-1.3561502007463655,-1.3699719593743478,-1.3826478242688793,-1.394314736392395,-1.4050886085074348,-1.4150682222264719,-1.4243382871665846,-1.4329718656234953,-1.4410323115111388
96.04166666666667,-0.49817767150184616,-0.6691958485081586,-0.7958023369228701,-0.8935159163702306,-0.9713313844001938,-1.0348329737490733,-1.08767777872644,-1.1323651687350056,-1.1706637569104295,-1.203861741759323,-1.2329205458551353,-1.258572804019282,-1.281386944289518,-1.301810973827994,-1.3202029082084272,-1.3368523820099047,-1.3519962943745316,-1.365830331817341,-1.3785175861986922,-1.3901950902254452,-1.4009788364699698,-1.4109676762430872,-1.4202463802615537,-1.4288880645805486,-1.4369561305833398
100.0,-0.4938766647895956,-0.664934005740852,-0.7915849704510592,-0.8893416778032306,-0.967196853812566,-1.0307342990259807,-1.0836112662796593,-1.1283274768447649,-1.1666519344628266,-1.1998732082463999,-1.2289530517399,-1.254624387458302,-1.2774558904871325,-1.2978957791045802,-1.3163022491504264,-1.3329650893397225,-1.3481213309560953,-1.3619667741785912,-1.3746646090002632,-1.3863519531796844,-1.397144873291933,-1.407142285286292,-1.4164290165524955,-1.4250782330173324,-1.4331533801060534
