param,value,pH,E1_eq_eff,E2_eq_eff,it0_1_eff,it0_2_eff,E_mix_with_edl_FULL,E_mix_without_edl,delta_E_mix,i_mix_phys_with_edl_FULL_A_per_m,i_mix_phys_without_edl_A_per_m,delta_i_mix_phys_A_per_m,i_mix_abs_with_edl_FULL_A,i_mix_abs_without_edl_A,delta_i_mix_abs_A,ratio_i_mix_abs,pct_i_mix_abs,ratio_i_mix_phys,pct_i_mix_phys,max_abs_phi_tilde_with_edl,debye_huckel_ok_with_edl,hover_params
L_gap,0.0,7.0,0.1,0.834,8.85e-05,0.0003878,0.4915632099162762,0.49157212957749513,-8.91966121890908e-06,1.9929518406603984e-09,1.9936281784656743e-09,-6.763378052758778e-13,1.9929518406603984e-09,1.9936281784656743e-09,-6.763378052758778e-13,0.99966075027802,-0.03392497219799518,0.99966075027802,-0.03392497219799518,0.0007746857738210409,True,C_tot=0.01 M<br>lambda_D=None<br>epsilon_r=78.5<br>T=298<br>pH=7<br>L_Au=1.1e-08<br>L_gap=0<br>L_Pd_len=3.7e-08<br>Cdl_Au=0.00012<br>Cdl_C=1<br>Cdl_Pd=3.77e-05<br>pzc_Au=0.513<br>pzc_C=0.361<br>pzc_Pd=0.371<br>it0_1=8.85e-05<br>it0_2=0.0003878<br>alpha1=0.5<br>alpha2=0.37<br>z_R1=-1<br>z_O2=1<br>E1_eq=0.1<br>E2_eq=0.834<br>E1_eq_eff=0.1<br>E2_eq_eff=0.834<br>it0_1_eff=8.85e-05<br>it0_2_eff=0.0003878
L_gap,2.5e-08,7.0,0.1,0.834,8.85e-05,0.0003878,0.4816921901748728,0.49157212957749513,-0.009879939402622329,2.156238454897795e-09,1.9936281784656743e-09,1.6261027643212075e-10,2.156238454897795e-09,1.9936281784656743e-09,1.6261027643212075e-10,1.0815649970182846,8.156499701828453,1.0815649970182846,8.156499701828453,3.833225461355763,False,C_tot=0.01 M<br>lambda_D=None<br>epsilon_r=78.5<br>T=298<br>pH=7<br>L_Au=1.1e-08<br>L_gap=2.5e-08<br>L_Pd_len=3.7e-08<br>Cdl_Au=0.00012<br>Cdl_C=1<br>Cdl_Pd=3.77e-05<br>pzc_Au=0.513<br>pzc_C=0.361<br>pzc_Pd=0.371<br>it0_1=8.85e-05<br>it0_2=0.0003878<br>alpha1=0.5<br>alpha2=0.37<br>z_R1=-1<br>z_O2=1<br>E1_eq=0.1<br>E2_eq=0.834<br>E1_eq_eff=0.1<br>E2_eq_eff=0.834<br>it0_1_eff=8.85e-05<br>it0_2_eff=0.0003878
L_gap,5e-08,7.0,0.1,0.834,8.85e-05,0.0003878,0.481547721575709,0.4915721295774951,-0.010024408001786056,2.1600516981252406e-09,1.9936281784656743e-09,1.6642351965956627e-10,2.1600516981252406e-09,1.9936281784656743e-09,1.6642351965956627e-10,1.0834777123724486,8.347771237244864,1.0834777123724486,8.347771237244864,3.8303432165099363,False,C_tot=0.01 M<br>lambda_D=None<br>epsilon_r=78.5<br>T=298<br>pH=7<br>L_Au=1.1e-08<br>L_gap=5e-08<br>L_Pd_len=3.7e-08<br>Cdl_Au=0.00012<br>Cdl_C=1<br>Cdl_Pd=3.77e-05<br>pzc_Au=0.513<br>pzc_C=0.361<br>pzc_Pd=0.371<br>it0_1=8.85e-05<br>it0_2=0.0003878<br>alpha1=0.5<br>alpha2=0.37<br>z_R1=-1<br>z_O2=1<br>E1_eq=0.1<br>E2_eq=0.834<br>E1_eq_eff=0.1<br>E2_eq_eff=0.834<br>it0_1_eff=8.85e-05<br>it0_2_eff=0.0003878
L_gap,7.5e-08,7.0,0.1,0.834,8.85e-05,0.0003878,0.4813563328692796,0.4915721295774951,-0.010215796708215485,2.165284399779142e-09,1.9936281784656743e-09,1.716562213134676e-10,2.165284399779142e-09,1.9936281784656743e-09,1.716562213134676e-10,1.0861024253005778,8.610242530057775,1.0861024253005778,8.610242530057775,3.827160543466059,False,C_tot=0.01 M<br>lambda_D=None<br>epsilon_r=78.5<br>T=298<br>pH=7<br>L_Au=1.1e-08<br>L_gap=7.5e-08<br>L_Pd_len=3.7e-08<br>Cdl_Au=0.00012<br>Cdl_C=1<br>Cdl_Pd=3.77e-05<br>pzc_Au=0.513<br>pzc_C=0.361<br>pzc_Pd=0.371<br>it0_1=8.85e-05<br>it0_2=0.0003878<br>alpha1=0.5<br>alpha2=0.37<br>z_R1=-1<br>z_O2=1<br>E1_eq=0.1<br>E2_eq=0.834<br>E1_eq_eff=0.1<br>E2_eq_eff=0.834<br>it0_1_eff=8.85e-05<br>it0_2_eff=0.0003878
L_gap,1e-07,7.0,0.1,0.834,8.85e-05,0.0003878,0.4811930123445181,0.49157212957749513,-0.01037911723297702,2.1695578791257385e-09,1.9936281784656743e-09,1.7592970066006422e-10,2.1695578791257385e-09,1.9936281784656743e-09,1.7592970066006422e-10,1.0882459941930909,8.824599419309086,1.0882459941930909,8.824599419309086,3.8281252157095675,False,C_tot=0.01 M<br>lambda_D=None<br>epsilon_r=78.5<br>T=298<br>pH=7<br>L_Au=1.1e-08<br>L_gap=1e-07<br>L_Pd_len=3.7e-08<br>Cdl_Au=0.00012<br>Cdl_C=1<br>Cdl_Pd=3.77e-05<br>pzc_Au=0.513<br>pzc_C=0.361<br>pzc_Pd=0.371<br>it0_1=8.85e-05<br>it0_2=0.0003878<br>alpha1=0.5<br>alpha2=0.37<br>z_R1=-1<br>z_O2=1<br>E1_eq=0.1<br>E2_eq=0.834<br>E1_eq_eff=0.1<br>E2_eq_eff=0.834<br>it0_1_eff=8.85e-05<br>it0_2_eff=0.0003878
L_gap,1.25e-07,7.0,0.1,0.834,8.85e-05,0.0003878,0.4809546329652092,0.49157212957749513,-0.010617496612285948,2.176007670707115e-09,1.9936281784656743e-09,1.8237949224144062e-10,2.176007670707115e-09,1.9936281784656743e-09,1.8237949224144062e-10,1.0914811970513993,9.148119705139932,1.0914811970513993,9.148119705139932,3.828123688060346,False,C_tot=0.01 M<br>lambda_D=None<br>epsilon_r=78.5<br>T=298<br>pH=7<br>L_Au=1.1e-08<br>L_gap=1.25e-07<br>L_Pd_len=3.7e-08<br>Cdl_Au=0.00012<br>Cdl_C=1<br>Cdl_Pd=3.77e-05<br>pzc_Au=0.513<br>pzc_C=0.361<br>pzc_Pd=0.371<br>it0_1=8.85e-05<br>it0_2=0.0003878<br>alpha1=0.5<br>alpha2=0.37<br>z_R1=-1<br>z_O2=1<br>E1_eq=0.1<br>E2_eq=0.834<br>E1_eq_eff=0.1<br>E2_eq_eff=0.834<br>it0_1_eff=8.85e-05<br>it0_2_eff=0.0003878
L_gap,1.5e-07,7.0,0.1,0.834,8.85e-05,0.0003878,0.4806567472645949,0.4915721295774951,-0.01091538231290018,2.1844340905803147e-09,1.9936281784656743e-09,1.9080591211464036e-10,2.1844340905803147e-09,1.9936281784656743e-09,1.9080591211464036e-10,1.0957078727997753,9.570787279977523,1.0957078727997753,9.570787279977523,3.833527344688733,False,C_tot=0.01 M<br>lambda_D=None<br>epsilon_r=78.5<br>T=298<br>pH=7<br>L_Au=1.1e-08<br>L_gap=1.5e-07<br>L_Pd_len=3.7e-08<br>Cdl_Au=0.00012<br>Cdl_C=1<br>Cdl_Pd=3.77e-05<br>pzc_Au=0.513<br>pzc_C=0.361<br>pzc_Pd=0.371<br>it0_1=8.85e-05<br>it0_2=0.0003878<br>alpha1=0.5<br>alpha2=0.37<br>z_R1=-1<br>z_O2=1<br>E1_eq=0.1<br>E2_eq=0.834<br>E1_eq_eff=0.1<br>E2_eq_eff=0.834<br>it0_1_eff=8.85e-05<br>it0_2_eff=0.0003878
L_gap,1.75e-07,7.0,0.1,0.834,8.85e-05,0.0003878,0.48054452516452784,0.49157212957749513,-0.011027604412967296,2.1862876191395924e-09,1.9936281784656743e-09,1.9265944067391813e-10,2.1862876191395924e-09,1.9936281784656743e-09,1.9265944067391813e-10,1.0966375991044588,9.663759910445872,1.0966375991044588,9.663759910445872,3.8411315393412053,False,C_tot=0.01 M<br>lambda_D=None<br>epsilon_r=78.5<br>T=298<br>pH=7<br>L_Au=1.1e-08<br>L_gap=1.75e-07<br>L_Pd_len=3.7e-08<br>Cdl_Au=0.00012<br>Cdl_C=1<br>Cdl_Pd=3.77e-05<br>pzc_Au=0.513<br>pzc_C=0.361<br>pzc_Pd=0.371<br>it0_1=8.85e-05<br>it0_2=0.0003878<br>alpha1=0.5<br>alpha2=0.37<br>z_R1=-1<br>z_O2=1<br>E1_eq=0.1<br>E2_eq=0.834<br>E1_eq_eff=0.1<br>E2_eq_eff=0.834<br>it0_1_eff=8.85e-05<br>it0_2_eff=0.0003878
L_gap,2e-07,7.0,0.1,0.834,8.85e-05,0.0003878,0.4801426617256082,0.4915721295774951,-0.011429467851886865,2.1982359127293203e-09,1.9936281784656743e-09,2.04607734263646e-10,2.1982359127293203e-09,1.9936281784656743e-09,2.04607734263646e-10,1.1026308398294786,10.26308398294787,1.1026308398294786,10.26308398294787,3.861432787894632,False,C_tot=0.01 M<br>lambda_D=None<br>epsilon_r=78.5<br>T=298<br>pH=7<br>L_Au=1.1e-08<br>L_gap=2e-07<br>L_Pd_len=3.7e-08<br>Cdl_Au=0.00012<br>Cdl_C=1<br>Cdl_Pd=3.77e-05<br>pzc_Au=0.513<br>pzc_C=0.361<br>pzc_Pd=0.371<br>it0_1=8.85e-05<br>it0_2=0.0003878<br>alpha1=0.5<br>alpha2=0.37<br>z_R1=-1<br>z_O2=1<br>E1_eq=0.1<br>E2_eq=0.834<br>E1_eq_eff=0.1<br>E2_eq_eff=0.834<br>it0_1_eff=8.85e-05<br>it0_2_eff=0.0003878
L_gap,2.25e-07,7.0,0.1,0.834,8.85e-05,0.0003878,0.47984396426741394,0.4915721295774951,-0.01172816531008114,2.205579268288457e-09,1.9936281784656743e-09,2.1195108982278273e-10,2.205579268288457e-09,1.9936281784656743e-09,2.1195108982278273e-10,1.1063142526335594,10.63142526335595,1.1063142526335594,10.63142526335595,3.856062742407623,False,C_tot=0.01 M<br>lambda_D=None<br>epsilon_r=78.5<br>T=298<br>pH=7<br>L_Au=1.1e-08<br>L_gap=2.25e-07<br>L_Pd_len=3.7e-08<br>Cdl_Au=0.00012<br>Cdl_C=1<br>Cdl_Pd=3.77e-05<br>pzc_Au=0.513<br>pzc_C=0.361<br>pzc_Pd=0.371<br>it0_1=8.85e-05<br>it0_2=0.0003878<br>alpha1=0.5<br>alpha2=0.37<br>z_R1=-1<br>z_O2=1<br>E1_eq=0.1<br>E2_eq=0.834<br>E1_eq_eff=0.1<br>E2_eq_eff=0.834<br>it0_1_eff=8.85e-05<br>it0_2_eff=0.0003878
L_gap,2.5e-07,7.0,0.1,0.834,8.85e-05,0.0003878,0.4798010465766782,0.4915721295774951,-0.011771083000816862,2.205075568838035e-09,1.9936281784656743e-09,2.114473903723606e-10,2.205075568838035e-09,1.9936281784656743e-09,2.114473903723606e-10,1.1060615979731454,10.606159797314543,1.1060615979731454,10.606159797314543,3.8701510814883022,False,C_tot=0.01 M<br>lambda_D=None<br>epsilon_r=78.5<br>T=298<br>pH=7<br>L_Au=1.1e-08<br>L_gap=2.5e-07<br>L_Pd_len=3.7e-08<br>Cdl_Au=0.00012<br>Cdl_C=1<br>Cdl_Pd=3.77e-05<br>pzc_Au=0.513<br>pzc_C=0.361<br>pzc_Pd=0.371<br>it0_1=8.85e-05<br>it0_2=0.0003878<br>alpha1=0.5<br>alpha2=0.37<br>z_R1=-1<br>z_O2=1<br>E1_eq=0.1<br>E2_eq=0.834<br>E1_eq_eff=0.1<br>E2_eq_eff=0.834<br>it0_1_eff=8.85e-05<br>it0_2_eff=0.0003878
L_gap,2.75e-07,7.0,0.1,0.834,8.85e-05,0.0003878,0.47944586679198054,0.4915721295774951,-0.012126262785514541,2.2170034188586463e-09,1.9936281784656743e-09,2.23375240392972e-10,2.2170034188586463e-09,1.9936281784656743e-09,2.23375240392972e-10,1.1120445842438307,11.20445842438307,1.1120445842438307,11.20445842438307,3.890219925680219,False,C_tot=0.01 M<br>lambda_D=None<br>epsilon_r=78.5<br>T=298<br>pH=7<br>L_Au=1.1e-08<br>L_gap=2.75e-07<br>L_Pd_len=3.7e-08<br>Cdl_Au=0.00012<br>Cdl_C=1<br>Cdl_Pd=3.77e-05<br>pzc_Au=0.513<br>pzc_C=0.361<br>pzc_Pd=0.371<br>it0_1=8.85e-05<br>it0_2=0.0003878<br>alpha1=0.5<br>alpha2=0.37<br>z_R1=-1<br>z_O2=1<br>E1_eq=0.1<br>E2_eq=0.834<br>E1_eq_eff=0.1<br>E2_eq_eff=0.834<br>it0_1_eff=8.85e-05<br>it0_2_eff=0.0003878
L_gap,3e-07,7.0,0.1,0.834,8.85e-05,0.0003878,0.4788632687231397,0.4915721295774951,-0.012708860854355353,2.2318245215243724e-09,1.9936281784656743e-09,2.381963430586981e-10,2.2318245215243724e-09,1.9936281784656743e-09,2.381963430586981e-10,1.1194788203896764,11.947882038967645,1.1194788203896764,11.947882038967645,3.8716025098990894,False,C_tot=0.01 M<br>lambda_D=None<br>epsilon_r=78.5<br>T=298<br>pH=7<br>L_Au=1.1e-08<br>L_gap=3e-07<br>L_Pd_len=3.7e-08<br>Cdl_Au=0.00012<br>Cdl_C=1<br>Cdl_Pd=3.77e-05<br>pzc_Au=0.513<br>pzc_C=0.361<br>pzc_Pd=0.371<br>it0_1=8.85e-05<br>it0_2=0.0003878<br>alpha1=0.5<br>alpha2=0.37<br>z_R1=-1<br>z_O2=1<br>E1_eq=0.1<br>E2_eq=0.834<br>E1_eq_eff=0.1<br>E2_eq_eff=0.834<br>it0_1_eff=8.85e-05<br>it0_2_eff=0.0003878
L_gap,3.2499999999999996e-07,7.0,0.1,0.834,8.85e-05,0.0003878,0.47843493897833156,0.4915721295774951,-0.013137190599163517,2.243981882969518e-09,1.9936281784656743e-09,2.5035370450384376e-10,2.243981882969518e-09,1.9936281784656743e-09,2.5035370450384376e-10,1.1255769291425846,12.557692914258448,1.1255769291425846,12.557692914258448,3.856327988153909,False,C_tot=0.01 M<br>lambda_D=None<br>epsilon_r=78.5<br>T=298<br>pH=7<br>L_Au=1.1e-08<br>L_gap=3.25e-07<br>L_Pd_len=3.7e-08<br>Cdl_Au=0.00012<br>Cdl_C=1<br>Cdl_Pd=3.77e-05<br>pzc_Au=0.513<br>pzc_C=0.361<br>pzc_Pd=0.371<br>it0_1=8.85e-05<br>it0_2=0.0003878<br>alpha1=0.5<br>alpha2=0.37<br>z_R1=-1<br>z_O2=1<br>E1_eq=0.1<br>E2_eq=0.834<br>E1_eq_eff=0.1<br>E2_eq_eff=0.834<br>it0_1_eff=8.85e-05<br>it0_2_eff=0.0003878
L_gap,3.5e-07,7.0,0.1,0.834,8.85e-05,0.0003878,0.4783956269969933,0.4915721295774951,-0.013176502580501792,2.2441314456024517e-09,1.9936281784656743e-09,2.505032671367774e-10,2.2441314456024517e-09,1.9936281784656743e-09,2.505032671367774e-10,1.125651949467111,12.565194946711097,1.125651949467111,12.565194946711097,3.854611923485571,False,C_tot=0.01 M<br>lambda_D=None<br>epsilon_r=78.5<br>T=298<br>pH=7<br>L_Au=1.1e-08<br>L_gap=3.5e-07<br>L_Pd_len=3.7e-08<br>Cdl_Au=0.00012<br>Cdl_C=1<br>Cdl_Pd=3.77e-05<br>pzc_Au=0.513<br>pzc_C=0.361<br>pzc_Pd=0.371<br>it0_1=8.85e-05<br>it0_2=0.0003878<br>alpha1=0.5<br>alpha2=0.37<br>z_R1=-1<br>z_O2=1<br>E1_eq=0.1<br>E2_eq=0.834<br>E1_eq_eff=0.1<br>E2_eq_eff=0.834<br>it0_1_eff=8.85e-05<br>it0_2_eff=0.0003878
L_gap,3.75e-07,7.0,0.1,0.834,8.85e-05,0.0003878,0.47840632199243127,0.4915721295774951,-0.013165807585063805,2.240724610198528e-09,1.9936281784656743e-09,2.4709643173285376e-10,2.240724610198528e-09,1.9936281784656743e-09,2.4709643173285376e-10,1.1239430874833556,12.39430874833555,1.1239430874833556,12.39430874833555,3.8692787857605264,False,C_tot=0.01 M<br>lambda_D=None<br>epsilon_r=78.5<br>T=298<br>pH=7<br>L_Au=1.1e-08<br>L_gap=3.75e-07<br>L_Pd_len=3.7e-08<br>Cdl_Au=0.00012<br>Cdl_C=1<br>Cdl_Pd=3.77e-05<br>pzc_Au=0.513<br>pzc_C=0.361<br>pzc_Pd=0.371<br>it0_1=8.85e-05<br>it0_2=0.0003878<br>alpha1=0.5<br>alpha2=0.37<br>z_R1=-1<br>z_O2=1<br>E1_eq=0.1<br>E2_eq=0.834<br>E1_eq_eff=0.1<br>E2_eq_eff=0.834<br>it0_1_eff=8.85e-05<br>it0_2_eff=0.0003878
L_gap,4e-07,7.0,0.1,0.834,8.85e-05,0.0003878,0.47826573069017797,0.4915721295774951,-0.013306398887317106,2.2418727275509968e-09,1.9936281784656743e-09,2.4824454908532246e-10,2.2418727275509968e-09,1.9936281784656743e-09,2.4824454908532246e-10,1.1245189809046414,12.451898090464148,1.1245189809046414,12.451898090464148,3.879946841620807,False,C_tot=0.01 M<br>lambda_D=None<br>epsilon_r=78.5<br>T=298<br>pH=7<br>L_Au=1.1e-08<br>L_gap=4e-07<br>L_Pd_len=3.7e-08<br>Cdl_Au=0.00012<br>Cdl_C=1<br>Cdl_Pd=3.77e-05<br>pzc_Au=0.513<br>pzc_C=0.361<br>pzc_Pd=0.371<br>it0_1=8.85e-05<br>it0_2=0.0003878<br>alpha1=0.5<br>alpha2=0.37<br>z_R1=-1<br>z_O2=1<br>E1_eq=0.1<br>E2_eq=0.834<br>E1_eq_eff=0.1<br>E2_eq_eff=0.834<br>it0_1_eff=8.85e-05<br>it0_2_eff=0.0003878
L_gap,4.2499999999999995e-07,7.0,0.1,0.834,8.85e-05,0.0003878,0.47804855556398423,0.4915721295774951,-0.013523574013510842,2.2529077909646437e-09,1.9936281784656743e-09,2.5927961249896937e-10,2.2529077909646437e-09,1.9936281784656743e-09,2.5927961249896937e-10,1.1300541471572272,13.005414715722708,1.1300541471572272,13.005414715722708,3.8963715335961027,False,C_tot=0.01 M<br>lambda_D=None<br>epsilon_r=78.5<br>T=298<br>pH=7<br>L_Au=1.1e-08<br>L_gap=4.25e-07<br>L_Pd_len=3.7e-08<br>Cdl_Au=0.00012<br>Cdl_C=1<br>Cdl_Pd=3.77e-05<br>pzc_Au=0.513<br>pzc_C=0.361<br>pzc_Pd=0.371<br>it0_1=8.85e-05<br>it0_2=0.0003878<br>alpha1=0.5<br>alpha2=0.37<br>z_R1=-1<br>z_O2=1<br>E1_eq=0.1<br>E2_eq=0.834<br>E1_eq_eff=0.1<br>E2_eq_eff=0.834<br>it0_1_eff=8.85e-05<br>it0_2_eff=0.0003878
L_gap,4.5e-07,7.0,0.1,0.834,8.85e-05,0.0003878,0.4775358719388428,0.4915721295774951,-0.014036257638652294,2.262810857577107e-09,1.9936281784656743e-09,2.691826791114327e-10,2.262810857577107e-09,1.9936281784656743e-09,2.691826791114327e-10,1.1350215060255617,13.502150602556172,1.1350215060255617,13.502150602556172,3.8952742682988113,False,C_tot=0.01 M<br>lambda_D=None<br>epsilon_r=78.5<br>T=298<br>pH=7<br>L_Au=1.1e-08<br>L_gap=4.5e-07<br>L_Pd_len=3.7e-08<br>Cdl_Au=0.00012<br>Cdl_C=1<br>Cdl_Pd=3.77e-05<br>pzc_Au=0.513<br>pzc_C=0.361<br>pzc_Pd=0.371<br>it0_1=8.85e-05<br>it0_2=0.0003878<br>alpha1=0.5<br>alpha2=0.37<br>z_R1=-1<br>z_O2=1<br>E1_eq=0.1<br>E2_eq=0.834<br>E1_eq_eff=0.1<br>E2_eq_eff=0.834<br>it0_1_eff=8.85e-05<br>it0_2_eff=0.0003878
L_gap,4.75e-07,7.0,0.1,0.834,8.85e-05,0.0003878,0.4768781334648255,0.4915721295774951,-0.014693996112669583,2.2786031636626304e-09,1.9936281784656743e-09,2.849749851969561e-10,2.2786031636626304e-09,1.9936281784656743e-09,2.849749851969561e-10,1.1429428959096462,14.294289590964604,1.1429428959096462,14.294289590964604,3.8782558691488944,False,C_tot=0.01 M<br>lambda_D=None<br>epsilon_r=78.5<br>T=298<br>pH=7<br>L_Au=1.1e-08<br>L_gap=4.75e-07<br>L_Pd_len=3.7e-08<br>Cdl_Au=0.00012<br>Cdl_C=1<br>Cdl_Pd=3.77e-05<br>pzc_Au=0.513<br>pzc_C=0.361<br>pzc_Pd=0.371<br>it0_1=8.85e-05<br>it0_2=0.0003878<br>alpha1=0.5<br>alpha2=0.37<br>z_R1=-1<br>z_O2=1<br>E1_eq=0.1<br>E2_eq=0.834<br>E1_eq_eff=0.1<br>E2_eq_eff=0.834<br>it0_1_eff=8.85e-05<br>it0_2_eff=0.0003878
L_gap,5e-07,7.0,0.1,0.834,8.85e-05,0.0003878,0.47624733535291264,0.4915721295774951,-0.015324794224582439,2.3024827047479656e-09,1.9936281784656743e-09,3.0885452628229127e-10,2.3024827047479656e-09,1.9936281784656743e-09,3.0885452628229127e-10,1.1549208270721727,15.492082707217266,1.1549208270721727,15.492082707217266,3.8520946211498543,False,C_tot=0.01 M<br>lambda_D=None<br>epsilon_r=78.5<br>T=298<br>pH=7<br>L_Au=1.1e-08<br>L_gap=5e-07<br>L_Pd_len=3.7e-08<br>Cdl_Au=0.00012<br>Cdl_C=1<br>Cdl_Pd=3.77e-05<br>pzc_Au=0.513<br>pzc_C=0.361<br>pzc_Pd=0.371<br>it0_1=8.85e-05<br>it0_2=0.0003878<br>alpha1=0.5<br>alpha2=0.37<br>z_R1=-1<br>z_O2=1<br>E1_eq=0.1<br>E2_eq=0.834<br>E1_eq_eff=0.1<br>E2_eq_eff=0.834<br>it0_1_eff=8.85e-05<br>it0_2_eff=0.0003878
L_gap,5.25e-07,7.0,0.1,0.834,8.85e-05,0.0003878,0.4756149157589922,0.4915721295774951,-0.015957213818502902,2.322442693935165e-09,1.9936281784656743e-09,3.2881451546949053e-10,2.322442693935165e-09,1.9936281784656743e-09,3.2881451546949053e-10,1.1649327186589784,16.49327186589783,1.1649327186589784,16.49327186589783,3.816676224636458,False,C_tot=0.01 M<br>lambda_D=None<br>epsilon_r=78.5<br>T=298<br>pH=7<br>L_Au=1.1e-08<br>L_gap=5.25e-07<br>L_Pd_len=3.7e-08<br>Cdl_Au=0.00012<br>Cdl_C=1<br>Cdl_Pd=3.77e-05<br>pzc_Au=0.513<br>pzc_C=0.361<br>pzc_Pd=0.371<br>it0_1=8.85e-05<br>it0_2=0.0003878<br>alpha1=0.5<br>alpha2=0.37<br>z_R1=-1<br>z_O2=1<br>E1_eq=0.1<br>E2_eq=0.834<br>E1_eq_eff=0.1<br>E2_eq_eff=0.834<br>it0_1_eff=8.85e-05<br>it0_2_eff=0.0003878
L_gap,5.5e-07,7.0,0.1,0.834,8.85e-05,0.0003878,0.47502903945483926,0.4915721295774951,-0.016543090122655812,2.3332680709824437e-09,1.9936281784656743e-09,3.396398925167694e-10,2.3332680709824437e-09,1.9936281784656743e-09,3.396398925167694e-10,1.1703627066397915,17.036270663979142,1.1703627066397915,17.036270663979142,3.798207265206038,False,C_tot=0.01 M<br>lambda_D=None<br>epsilon_r=78.5<br>T=298<br>pH=7<br>L_Au=1.1e-08<br>L_gap=5.5e-07<br>L_Pd_len=3.7e-08<br>Cdl_Au=0.00012<br>Cdl_C=1<br>Cdl_Pd=3.77e-05<br>pzc_Au=0.513<br>pzc_C=0.361<br>pzc_Pd=0.371<br>it0_1=8.85e-05<br>it0_2=0.0003878<br>alpha1=0.5<br>alpha2=0.37<br>z_R1=-1<br>z_O2=1<br>E1_eq=0.1<br>E2_eq=0.834<br>E1_eq_eff=0.1<br>E2_eq_eff=0.834<br>it0_1_eff=8.85e-05<br>it0_2_eff=0.0003878
L_gap,5.75e-07,7.0,0.1,0.834,8.85e-05,0.0003878,0.47463233041153063,0.4915721295774951,-0.016939799165964442,2.3403034928851835e-09,1.9936281784656743e-09,3.4667531441950926e-10,2.3403034928851835e-09,1.9936281784656743e-09,3.4667531441950926e-10,1.1738916605233358,17.389166052333575,1.1738916605233358,17.389166052333575,3.7925575276268244,False,C_tot=0.01 M<br>lambda_D=None<br>epsilon_r=78.5<br>T=298<br>pH=7<br>L_Au=1.1e-08<br>L_gap=5.75e-07<br>L_Pd_len=3.7e-08<br>Cdl_Au=0.00012<br>Cdl_C=1<br>Cdl_Pd=3.77e-05<br>pzc_Au=0.513<br>pzc_C=0.361<br>pzc_Pd=0.371<br>it0_1=8.85e-05<br>it0_2=0.0003878<br>alpha1=0.5<br>alpha2=0.37<br>z_R1=-1<br>z_O2=1<br>E1_eq=0.1<br>E2_eq=0.834<br>E1_eq_eff=0.1<br>E2_eq_eff=0.834<br>it0_1_eff=8.85e-05<br>it0_2_eff=0.0003878
L_gap,6e-07,7.0,0.1,0.834,8.85e-05,0.0003878,0.47447195215315274,0.4915721295774951,-0.017100177424342333,2.347856043667019e-09,1.9936281784656743e-09,3.542278652013447e-10,2.347856043667019e-09,1.9936281784656743e-09,3.542278652013447e-10,1.1776800052424838,17.768000524248393,1.1776800052424838,17.768000524248393,3.7727367358829262,False,C_tot=0.01 M<br>lambda_D=None<br>epsilon_r=78.5<br>T=298<br>pH=7<br>L_Au=1.1e-08<br>L_gap=6e-07<br>L_Pd_len=3.7e-08<br>Cdl_Au=0.00012<br>Cdl_C=1<br>Cdl_Pd=3.77e-05<br>pzc_Au=0.513<br>pzc_C=0.361<br>pzc_Pd=0.371<br>it0_1=8.85e-05<br>it0_2=0.0003878<br>alpha1=0.5<br>alpha2=0.37<br>z_R1=-1<br>z_O2=1<br>E1_eq=0.1<br>E2_eq=0.834<br>E1_eq_eff=0.1<br>E2_eq_eff=0.834<br>it0_1_eff=8.85e-05<br>it0_2_eff=0.0003878
L_gap,6.249999999999999e-07,7.0,0.1,0.834,8.85e-05,0.0003878,0.4744482462996723,0.4915721295774951,-0.01712388327782277,2.353665794039985e-09,1.9936281784656743e-09,3.6003761557431083e-10,2.353665794039985e-09,1.9936281784656743e-09,3.6003761557431083e-10,1.180594164680899,18.059416468089907,1.180594164680899,18.059416468089907,3.7556071774158895,False,C_tot=0.01 M<br>lambda_D=None<br>epsilon_r=78.5<br>T=298<br>pH=7<br>L_Au=1.1e-08<br>L_gap=6.25e-07<br>L_Pd_len=3.7e-08<br>Cdl_Au=0.00012<br>Cdl_C=1<br>Cdl_Pd=3.77e-05<br>pzc_Au=0.513<br>pzc_C=0.361<br>pzc_Pd=0.371<br>it0_1=8.85e-05<br>it0_2=0.0003878<br>alpha1=0.5<br>alpha2=0.37<br>z_R1=-1<br>z_O2=1<br>E1_eq=0.1<br>E2_eq=0.834<br>E1_eq_eff=0.1<br>E2_eq_eff=0.834<br>it0_1_eff=8.85e-05<br>it0_2_eff=0.0003878
L_gap,6.499999999999999e-07,7.0,0.1,0.834,8.85e-05,0.0003878,0.4744348112567395,0.4915721295774951,-0.0171373183207556,2.3538484866303588e-09,1.9936281784656743e-09,3.602203081646845e-10,2.3538484866303588e-09,1.9936281784656743e-09,3.602203081646845e-10,1.180685802927362,18.0685802927362,1.180685802927362,18.0685802927362,3.755741769356577,False,C_tot=0.01 M<br>lambda_D=None<br>epsilon_r=78.5<br>T=298<br>pH=7<br>L_Au=1.1e-08<br>L_gap=6.5e-07<br>L_Pd_len=3.7e-08<br>Cdl_Au=0.00012<br>Cdl_C=1<br>Cdl_Pd=3.77e-05<br>pzc_Au=0.513<br>pzc_C=0.361<br>pzc_Pd=0.371<br>it0_1=8.85e-05<br>it0_2=0.0003878<br>alpha1=0.5<br>alpha2=0.37<br>z_R1=-1<br>z_O2=1<br>E1_eq=0.1<br>E2_eq=0.834<br>E1_eq_eff=0.1<br>E2_eq_eff=0.834<br>it0_1_eff=8.85e-05<br>it0_2_eff=0.0003878
L_gap,6.75e-07,7.0,0.1,0.834,8.85e-05,0.0003878,0.4743718472224039,0.4915721295774951,-0.01720028235509119,2.3476998301525788e-09,1.9936281784656743e-09,3.540716516869045e-10,2.3476998301525788e-09,1.9936281784656743e-09,3.540716516869045e-10,1.1776016488487855,17.760164884878545,1.1776016488487855,17.760164884878545,3.771381516735344,False,C_tot=0.01 M<br>lambda_D=None<br>epsilon_r=78.5<br>T=298<br>pH=7<br>L_Au=1.1e-08<br>L_gap=6.75e-07<br>L_Pd_len=3.7e-08<br>Cdl_Au=0.00012<br>Cdl_C=1<br>Cdl_Pd=3.77e-05<br>pzc_Au=0.513<br>pzc_C=0.361<br>pzc_Pd=0.371<br>it0_1=8.85e-05<br>it0_2=0.0003878<br>alpha1=0.5<br>alpha2=0.37<br>z_R1=-1<br>z_O2=1<br>E1_eq=0.1<br>E2_eq=0.834<br>E1_eq_eff=0.1<br>E2_eq_eff=0.834<br>it0_1_eff=8.85e-05<br>it0_2_eff=0.0003878
L_gap,7e-07,7.0,0.1,0.834,8.85e-05,0.0003878,0.4742760145057001,0.4915721295774951,-0.01729611507179496,2.3383068063441264e-09,1.9936281784656743e-09,3.446786278784521e-10,2.3383068063441264e-09,1.9936281784656743e-09,3.446786278784521e-10,1.172890126454634,17.289012645463405,1.172890126454634,17.289012645463405,3.789129440461526,False,C_tot=0.01 M<br>lambda_D=None<br>epsilon_r=78.5<br>T=298<br>pH=7<br>L_Au=1.1e-08<br>L_gap=7e-07<br>L_Pd_len=3.7e-08<br>Cdl_Au=0.00012<br>Cdl_C=1<br>Cdl_Pd=3.77e-05<br>pzc_Au=0.513<br>pzc_C=0.361<br>pzc_Pd=0.371<br>it0_1=8.85e-05<br>it0_2=0.0003878<br>alpha1=0.5<br>alpha2=0.37<br>z_R1=-1<br>z_O2=1<br>E1_eq=0.1<br>E2_eq=0.834<br>E1_eq_eff=0.1<br>E2_eq_eff=0.834<br>it0_1_eff=8.85e-05<br>it0_2_eff=0.0003878
L_gap,7.249999999999999e-07,7.0,0.1,0.834,8.85e-05,0.0003878,0.47420166526125573,0.4915721295774951,-0.017370464316239342,2.3303255181914027e-09,1.9936281784656743e-09,3.3669733972572844e-10,2.3303255181914027e-09,1.9936281784656743e-09,3.3669733972572844e-10,1.1688867279077364,16.88867279077364,1.1688867279077364,16.88867279077364,3.7980703745727027,False,C_tot=0.01 M<br>lambda_D=None<br>epsilon_r=78.5<br>T=298<br>pH=7<br>L_Au=1.1e-08<br>L_gap=7.25e-07<br>L_Pd_len=3.7e-08<br>Cdl_Au=0.00012<br>Cdl_C=1<br>Cdl_Pd=3.77e-05<br>pzc_Au=0.513<br>pzc_C=0.361<br>pzc_Pd=0.371<br>it0_1=8.85e-05<br>it0_2=0.0003878<br>alpha1=0.5<br>alpha2=0.37<br>z_R1=-1<br>z_O2=1<br>E1_eq=0.1<br>E2_eq=0.834<br>E1_eq_eff=0.1<br>E2_eq_eff=0.834<br>it0_1_eff=8.85e-05<br>it0_2_eff=0.0003878
L_gap,7.5e-07,7.0,0.1,0.834,8.85e-05,0.0003878,0.474189233406252,0.4915721295774951,-0.017382896171243056,2.3268911742654086e-09,1.9936281784656743e-09,3.332629957997343e-10,2.3268911742654086e-09,1.9936281784656743e-09,3.332629957997343e-10,1.167164067703045,16.716406770304502,1.167164067703045,16.716406770304502,3.7930298922214156,False,C_tot=0.01 M<br>lambda_D=None<br>epsilon_r=78.5<br>T=298<br>pH=7<br>L_Au=1.1e-08<br>L_gap=7.5e-07<br>L_Pd_len=3.7e-08<br>Cdl_Au=0.00012<br>Cdl_C=1<br>Cdl_Pd=3.77e-05<br>pzc_Au=0.513<br>pzc_C=0.361<br>pzc_Pd=0.371<br>it0_1=8.85e-05<br>it0_2=0.0003878<br>alpha1=0.5<br>alpha2=0.37<br>z_R1=-1<br>z_O2=1<br>E1_eq=0.1<br>E2_eq=0.834<br>E1_eq_eff=0.1<br>E2_eq_eff=0.834<br>it0_1_eff=8.85e-05<br>it0_2_eff=0.0003878
L_gap,7.75e-07,7.0,0.1,0.834,8.85e-05,0.0003878,0.47423168848147207,0.4915721295774952,-0.017340441096023118,2.3283524947662596e-09,1.9936281784656797e-09,3.3472431630057995e-10,2.3283524947662596e-09,1.9936281784656797e-09,3.3472431630057995e-10,1.167897063211751,16.789706321175085,1.167897063211751,16.789706321175085,3.781857857940283,False,C_tot=0.01 M<br>lambda_D=None<br>epsilon_r=78.5<br>T=298<br>pH=7<br>L_Au=1.1e-08<br>L_gap=7.75e-07<br>L_Pd_len=3.7e-08<br>Cdl_Au=0.00012<br>Cdl_C=1<br>Cdl_Pd=3.77e-05<br>pzc_Au=0.513<br>pzc_C=0.361<br>pzc_Pd=0.371<br>it0_1=8.85e-05<br>it0_2=0.0003878<br>alpha1=0.5<br>alpha2=0.37<br>z_R1=-1<br>z_O2=1<br>E1_eq=0.1<br>E2_eq=0.834<br>E1_eq_eff=0.1<br>E2_eq_eff=0.834<br>it0_1_eff=8.85e-05<br>it0_2_eff=0.0003878
L_gap,8e-07,7.0,0.1,0.834,8.85e-05,0.0003878,0.47428964827539916,0.4915721295774952,-0.01728248130209603,2.332819150900269e-09,1.9936281784656797e-09,3.3919097243458933e-10,2.332819150900269e-09,1.9936281784656797e-09,3.3919097243458933e-10,1.1701375292034821,17.013752920348207,1.1701375292034821,17.013752920348207,3.778952360492374,False,C_tot=0.01 M<br>lambda_D=None<br>epsilon_r=78.5<br>T=298<br>pH=7<br>L_Au=1.1e-08<br>L_gap=8e-07<br>L_Pd_len=3.7e-08<br>Cdl_Au=0.00012<br>Cdl_C=1<br>Cdl_Pd=3.77e-05<br>pzc_Au=0.513<br>pzc_C=0.361<br>pzc_Pd=0.371<br>it0_1=8.85e-05<br>it0_2=0.0003878<br>alpha1=0.5<br>alpha2=0.37<br>z_R1=-1<br>z_O2=1<br>E1_eq=0.1<br>E2_eq=0.834<br>E1_eq_eff=0.1<br>E2_eq_eff=0.834<br>it0_1_eff=8.85e-05<br>it0_2_eff=0.0003878
L_gap,8.249999999999999e-07,7.0,0.1,0.834,8.85e-05,0.0003878,0.4743106950554689,0.4915721295774951,-0.017261434522026164,2.337989564732466e-09,1.9936281784656743e-09,3.4436138626679165e-10,2.337989564732466e-09,1.9936281784656743e-09,3.4436138626679165e-10,1.1727309986819194,17.273099868191935,1.1727309986819194,17.273099868191935,3.7931496146352206,False,C_tot=0.01 M<br>lambda_D=None<br>epsilon_r=78.5<br>T=298<br>pH=7<br>L_Au=1.1e-08<br>L_gap=8.25e-07<br>L_Pd_len=3.7e-08<br>Cdl_Au=0.00012<br>Cdl_C=1<br>Cdl_Pd=3.77e-05<br>pzc_Au=0.513<br>pzc_C=0.361<br>pzc_Pd=0.371<br>it0_1=8.85e-05<br>it0_2=0.0003878<br>alpha1=0.5<br>alpha2=0.37<br>z_R1=-1<br>z_O2=1<br>E1_eq=0.1<br>E2_eq=0.834<br>E1_eq_eff=0.1<br>E2_eq_eff=0.834<br>it0_1_eff=8.85e-05<br>it0_2_eff=0.0003878
L_gap,8.499999999999999e-07,7.0,0.1,0.834,8.85e-05,0.0003878,0.47425684437856697,0.4915721295774951,-0.01731528519892811,2.3419504052361847e-09,1.9936281784656743e-09,3.483222267705104e-10,2.3419504052361847e-09,1.9936281784656743e-09,3.483222267705104e-10,1.174717748541548,17.471774854154816,1.174717748541548,17.471774854154816,3.805879688843566,False,C_tot=0.01 M<br>lambda_D=None<br>epsilon_r=78.5<br>T=298<br>pH=7<br>L_Au=1.1e-08<br>L_gap=8.5e-07<br>L_Pd_len=3.7e-08<br>Cdl_Au=0.00012<br>Cdl_C=1<br>Cdl_Pd=3.77e-05<br>pzc_Au=0.513<br>pzc_C=0.361<br>pzc_Pd=0.371<br>it0_1=8.85e-05<br>it0_2=0.0003878<br>alpha1=0.5<br>alpha2=0.37<br>z_R1=-1<br>z_O2=1<br>E1_eq=0.1<br>E2_eq=0.834<br>E1_eq_eff=0.1<br>E2_eq_eff=0.834<br>it0_1_eff=8.85e-05<br>it0_2_eff=0.0003878
L_gap,8.75e-07,7.0,0.1,0.834,8.85e-05,0.0003878,0.4741044833934376,0.4915721295774952,-0.017467646184057606,2.343898111073087e-09,1.9936281784656797e-09,3.5026993260740747e-10,2.343898111073087e-09,1.9936281784656797e-09,3.5026993260740747e-10,1.1756947139847207,17.56947139847208,1.1756947139847207,17.56947139847208,3.8143673677350076,False,C_tot=0.01 M<br>lambda_D=None<br>epsilon_r=78.5<br>T=298<br>pH=7<br>L_Au=1.1e-08<br>L_gap=8.75e-07<br>L_Pd_len=3.7e-08<br>Cdl_Au=0.00012<br>Cdl_C=1<br>Cdl_Pd=3.77e-05<br>pzc_Au=0.513<br>pzc_C=0.361<br>pzc_Pd=0.371<br>it0_1=8.85e-05<br>it0_2=0.0003878<br>alpha1=0.5<br>alpha2=0.37<br>z_R1=-1<br>z_O2=1<br>E1_eq=0.1<br>E2_eq=0.834<br>E1_eq_eff=0.1<br>E2_eq_eff=0.834<br>it0_1_eff=8.85e-05<br>it0_2_eff=0.0003878
L_gap,9e-07,7.0,0.1,0.834,8.85e-05,0.0003878,0.4738512433998538,0.4915721295774952,-0.017720886177641393,2.3438990525090554e-09,1.9936281784656797e-09,3.502708740433757e-10,2.3438990525090554e-09,1.9936281784656797e-09,3.502708740433757e-10,1.1756951862071634,17.569518620716345,1.1756951862071634,17.569518620716345,3.81701438031787,False,C_tot=0.01 M<br>lambda_D=None<br>epsilon_r=78.5<br>T=298<br>pH=7<br>L_Au=1.1e-08<br>L_gap=9e-07<br>L_Pd_len=3.7e-08<br>Cdl_Au=0.00012<br>Cdl_C=1<br>Cdl_Pd=3.77e-05<br>pzc_Au=0.513<br>pzc_C=0.361<br>pzc_Pd=0.371<br>it0_1=8.85e-05<br>it0_2=0.0003878<br>alpha1=0.5<br>alpha2=0.37<br>z_R1=-1<br>z_O2=1<br>E1_eq=0.1<br>E2_eq=0.834<br>E1_eq_eff=0.1<br>E2_eq_eff=0.834<br>it0_1_eff=8.85e-05<br>it0_2_eff=0.0003878
L_gap,9.249999999999999e-07,7.0,0.1,0.834,8.85e-05,0.0003878,0.47351096222589484,0.4915721295774951,-0.018061167351600238,2.342830596653544e-09,1.9936281784656743e-09,3.492024181878698e-10,2.342830596653544e-09,1.9936281784656743e-09,3.492024181878698e-10,1.1751592508371451,17.515925083714514,1.1751592508371451,17.515925083714514,3.819022729097238,False,C_tot=0.01 M<br>lambda_D=None<br>epsilon_r=78.5<br>T=298<br>pH=7<br>L_Au=1.1e-08<br>L_gap=9.25e-07<br>L_Pd_len=3.7e-08<br>Cdl_Au=0.00012<br>Cdl_C=1<br>Cdl_Pd=3.77e-05<br>pzc_Au=0.513<br>pzc_C=0.361<br>pzc_Pd=0.371<br>it0_1=8.85e-05<br>it0_2=0.0003878<br>alpha1=0.5<br>alpha2=0.37<br>z_R1=-1<br>z_O2=1<br>E1_eq=0.1<br>E2_eq=0.834<br>E1_eq_eff=0.1<br>E2_eq_eff=0.834<br>it0_1_eff=8.85e-05<br>it0_2_eff=0.0003878
L_gap,9.5e-07,7.0,0.1,0.834,8.85e-05,0.0003878,0.47310481578830116,0.4915721295774952,-0.01846731378919403,2.3421392114962927e-09,1.9936281784656797e-09,3.4851103303061306e-10,2.3421392114962927e-09,1.9936281784656797e-09,3.4851103303061306e-10,1.1748124533928044,17.481245339280438,1.1748124533928044,17.481245339280438,3.816346230453062,False,C_tot=0.01 M<br>lambda_D=None<br>epsilon_r=78.5<br>T=298<br>pH=7<br>L_Au=1.1e-08<br>L_gap=9.5e-07<br>L_Pd_len=3.7e-08<br>Cdl_Au=0.00012<br>Cdl_C=1<br>Cdl_Pd=3.77e-05<br>pzc_Au=0.513<br>pzc_C=0.361<br>pzc_Pd=0.371<br>it0_1=8.85e-05<br>it0_2=0.0003878<br>alpha1=0.5<br>alpha2=0.37<br>z_R1=-1<br>z_O2=1<br>E1_eq=0.1<br>E2_eq=0.834<br>E1_eq_eff=0.1<br>E2_eq_eff=0.834<br>it0_1_eff=8.85e-05<br>it0_2_eff=0.0003878
L_gap,9.75e-07,7.0,0.1,0.834,8.85e-05,0.0003878,0.472661250620839,0.4915721295774952,-0.018910878956656163,2.343235279578774e-09,1.9936281784656797e-09,3.4960710111309425e-10,2.343235279578774e-09,1.9936281784656797e-09,3.4960710111309425e-10,1.1753622390019367,17.536223900193672,1.1753622390019367,17.536223900193672,3.810258990010663,False,C_tot=0.01 M<br>lambda_D=None<br>epsilon_r=78.5<br>T=298<br>pH=7<br>L_Au=1.1e-08<br>L_gap=9.75e-07<br>L_Pd_len=3.7e-08<br>Cdl_Au=0.00012<br>Cdl_C=1<br>Cdl_Pd=3.77e-05<br>pzc_Au=0.513<br>pzc_C=0.361<br>pzc_Pd=0.371<br>it0_1=8.85e-05<br>it0_2=0.0003878<br>alpha1=0.5<br>alpha2=0.37<br>z_R1=-1<br>z_O2=1<br>E1_eq=0.1<br>E2_eq=0.834<br>E1_eq_eff=0.1<br>E2_eq_eff=0.834<br>it0_1_eff=8.85e-05<br>it0_2_eff=0.0003878
L_gap,1e-06,7.0,0.1,0.834,8.85e-05,0.0003878,0.47220434379509707,0.4915721295774951,-0.019367785782398006,2.3473116476588993e-09,1.9936281784656743e-09,3.53683469193225e-10,2.3473116476588993e-09,1.9936281784656743e-09,3.53683469193225e-10,1.1774069372682248,17.74069372682247,1.1774069372682248,17.74069372682247,3.8021279265285752,False,C_tot=0.01 M<br>lambda_D=None<br>epsilon_r=78.5<br>T=298<br>pH=7<br>L_Au=1.1e-08<br>L_gap=1e-06<br>L_Pd_len=3.7e-08<br>Cdl_Au=0.00012<br>Cdl_C=1<br>Cdl_Pd=3.77e-05<br>pzc_Au=0.513<br>pzc_C=0.361<br>pzc_Pd=0.371<br>it0_1=8.85e-05<br>it0_2=0.0003878<br>alpha1=0.5<br>alpha2=0.37<br>z_R1=-1<br>z_O2=1<br>E1_eq=0.1<br>E2_eq=0.834<br>E1_eq_eff=0.1<br>E2_eq_eff=0.834<br>it0_1_eff=8.85e-05<br>it0_2_eff=0.0003878
